raceId,driverId,constructorId,grid,positionOrder,unified_main_points,res_fLapTime_ms,year,round,circuitId,dob,q_rel_gap,qual_pos,sprint_target,spr_ms,spr_fLapTime_ms,spr_points_unified,pit_count,pit_total_ms,driver_encoded
1061,1,0.6074766355140186,0.1,1,25,89699.0,2021,10,0.0,0.7083333333333334,0.008975304040189896,0.0,2.0,1539856.0,89937.0,7.0,0.4,2088642.0,345
1065,1,0.6074766355140186,0.2,17,0,85870.0,2021,14,0.07142857142857142,0.7083333333333334,0.0,0.05263157894736842,5.0,1694089.0,84253.0,4.0,0.2,25619.0,345
1071,1,0.6074766355140186,0.5,1,25,71982.0,2021,19,0.12857142857142856,0.7083333333333334,0.0,0.0,5.0,1770431.0,72357.0,4.0,0.8,81924.0,345
1077,1,0.6074766355140186,0.7000000000000001,13,0,81419.0,2022,4,0.17142857142857143,0.7499999999999999,0.4726143421795595,0.631578947368421,14.0,1881026.0,80663.0,0.0,0.2,32740.0,345
1084,1,0.6074766355140186,0.4,3,15,69000.0,2022,11,0.8714285714285714,0.7499999999999999,0.2244376170844814,0.42105263157894735,8.0,1625506.0,69516.0,1.0,0.4,45723.0,345
1095,1,0.6074766355140186,0.1,2,18,73942.0,2022,21,0.12857142857142856,0.7499999999999999,0.09037723322876863,0.3684210526315789,3.0,1815799.0,74317.0,6.0,0.4,47496.0,345
1101,1,0.6074766355140186,0.25,6,8,105346.0,2023,4,0.9142857142857144,0.7916666666666666,0.18540504175363035,0.21052631578947367,7.0,2002557.0,104601.0,2.0,0.2,20324.0,345
1107,1,0.6074766355140186,0.25,8,4,69160.0,2023,9,0.8714285714285714,0.7916666666666666,0.19029312376168955,0.21052631578947367,10.0,1873105.0,70775.0,0.0,0.6000000000000001,66132.0,345
1110,1,0.6074766355140186,0.15000000000000002,4,12,107305.0,2023,12,0.05714285714285716,0.7916666666666666,0.04945686897908589,0.15789473684210525,7.0,1515190.0,120920.0,2.0,0.6000000000000001,69269.0,345
1115,1,0.6074766355140186,0.15000000000000002,19,0,0.0,2023,17,0.9857142857142858,0.7916666666666666,0.2797554978649016,0.10526315789473684,5.0,2118611.0,87968.0,4.0,0.0,0.0,345
1116,1,0.6074766355140186,0.15000000000000002,19,0,99582.0,2023,18,0.8571428571428571,0.7916666666666666,0.0,0.10526315789473684,2.0,1900314.0,99138.0,7.0,0.4,49564.0,345
1118,1,0.6074766355140186,0.25,8,4,74739.0,2023,20,0.12857142857142856,0.7916666666666666,0.08349436719960016,0.21052631578947367,7.0,1841935.0,75276.0,2.0,0.8,1472541.0,345
1125,1,0.6074766355140186,0.9,9,2,100835.0,2024,5,0.1142857142857143,0.8333333333333334,0.19512552744955985,0.894736842105263,2.0,1937703.0,100420.0,7.0,0.4,45180.0,345
1126,1,0.6074766355140186,0.4,6,8,91233.0,2024,6,1.0,0.8333333333333334,0.12126581609938553,0.3684210526315789,16.0,1940730.0,91830.0,0.0,0.2,22107.0,345
1131,1,0.6074766355140186,0.25,4,12,69562.0,2024,11,0.8714285714285714,0.8333333333333334,0.09476181648309273,0.21052631578947367,6.0,1612596.0,69265.0,3.0,0.4,48844.0,345
1139,1,0.6074766355140186,0.8500000000000001,20,0,0.0,2024,19,0.8571428571428571,0.8333333333333334,0.26490958195052194,0.9473684210526316,6.0,1884870.0,98372.0,3.0,0.0,0.0,345
1141,1,0.6074766355140186,0.7000000000000001,10,1,82041.0,2024,21,0.12857142857142856,0.8333333333333334,0.6604345092188447,0.7894736842105263,11.0,1815809.0,72546.0,0.0,0.4,1450908.0,345
1143,1,0.6074766355140186,0.30000000000000004,12,0,83865.0,2024,23,0.9857142857142858,0.8333333333333334,0.10843651214571229,0.2631578947368421,6.0,1628660.0,84337.0,3.0,0.8,110847.0,345
1061,4,0.9953271028037383,0.35000000000000003,7,6,91698.0,2021,10,0.0,0.8749999999999999,0.212586487123355,0.5263157894736843,7.0,1581953.0,91773.0,2.0,0.4,2088323.0,20
1065,4,0.9953271028037383,0.5,8,4,85472.0,2021,14,0.07142857142857142,0.8749999999999999,0.2607352846647115,0.631578947368421,11.0,1713873.0,85225.0,0.0,0.2,24797.0,20
1071,4,0.9953271028037383,0.6000000000000001,9,2,73922.0,2021,19,0.12857142857142856,0.8749999999999999,0.212968910055747,0.47368421052631576,12.0,1786137.0,73397.0,0.0,0.6000000000000001,59831.0,20
1077,4,0.9953271028037383,0.45,19,0,99685.0,2022,4,0.17142857142857143,0.9166666666666666,0.3958215697346132,0.21052631578947367,9.0,1871845.0,80639.0,0.0,0.0,0.0,20
1084,4,0.9953271028037383,0.9500000000000001,10,1,68558.0,2022,11,0.8714285714285714,0.9166666666666666,0.2030140263627809,0.3684210526315789,20.0,0.0,0.0,0.0,0.6000000000000001,67631.0,20
1095,4,0.9953271028037383,0.8500000000000001,5,10,74164.0,2022,21,0.12857142857142856,0.9166666666666666,0.13267499558162668,0.3157894736842105,18.0,1865292.0,74764.0,0.0,0.6000000000000001,76123.0,20
1101,4,0.5420560747663552,0.30000000000000004,4,12,104241.0,2023,4,0.9142857142857144,0.9583333333333334,0.09907307325934511,0.2631578947368421,6.0,2009280.0,104544.0,3.0,0.2,23148.0,20
1107,4,0.5420560747663552,0.35000000000000003,5,10,69108.0,2023,9,0.8714285714285714,0.9583333333333334,0.18414361527387912,0.3157894736842105,5.0,1856839.0,74978.0,4.0,0.6000000000000001,60964.0,20
1110,4,0.5420560747663552,0.45,5,10,110938.0,2023,12,0.05714285714285716,0.9583333333333334,0.10041812941000708,0.42105263157894735,20.0,0.0,0.0,0.0,0.4,46883.0,20
1115,4,0.5420560747663552,0.2,6,8,86045.0,2023,17,0.9857142857142858,0.9583333333333334,0.05652683586418966,0.15789473684210525,8.0,2122477.0,88717.0,1.0,0.6000000000000001,85198.0,20
1116,4,0.5420560747663552,0.0,16,0,99954.0,2023,18,0.8571428571428571,0.9583333333333334,0.27535480723891087,0.8421052631578947,13.0,1939935.0,100805.0,0.0,0.4,49878.0,20
1118,4,0.5420560747663552,0.2,3,15,74442.0,2023,20,0.12857142857142856,0.9583333333333334,0.06862983970573194,0.15789473684210525,11.0,1846270.0,75477.0,0.0,0.8,1474675.0,20
1125,4,0.5420560747663552,0.15000000000000002,7,6,97810.0,2024,5,0.1142857142857143,0.9999999999999999,0.0878182277570823,0.10526315789473684,20.0,0.0,100537.0,0.0,0.6000000000000001,68915.0,20
1126,4,0.5420560747663552,0.75,9,2,91727.0,2024,6,1.0,0.9999999999999999,0.19382235041826473,0.736842105263158,17.0,1950792.0,92355.0,0.0,0.2,22374.0,20
1131,4,0.5420560747663552,0.75,18,0,67694.0,2024,11,0.8714285714285714,0.9999999999999999,0.1339618484814944,0.736842105263158,15.0,1644544.0,70393.0,0.0,0.6000000000000001,77917.0,20
1139,4,0.5420560747663552,0.35000000000000003,13,0,99261.0,2024,19,0.8571428571428571,0.9999999999999999,0.2216346412167273,0.3684210526315789,18.0,1912953.0,99250.0,0.0,0.2,24247.0,20
1141,4,0.5420560747663552,0.45,14,0,82293.0,2024,21,0.12857142857142856,0.9999999999999999,0.4234521111239549,0.42105263157894735,18.0,1842582.0,73111.0,0.0,0.4,1447979.0,20
1143,4,0.5420560747663552,0.4,7,6,83667.0,2024,23,0.9857142857142858,0.9999999999999999,0.10049545443807176,0.3684210526315789,11.0,1642214.0,84281.0,0.0,0.6000000000000001,90031.0,20
1061,8,0.23364485981308408,0.65,15,0,91895.0,2021,10,0.0,0.9583333333333334,0.33618924561968444,0.8421052631578947,13.0,1589103.0,92139.0,0.0,0.4,2091094.0,651
1071,8,0.23364485981308408,0.0,12,0,72621.0,2021,19,0.12857142857142856,0.9583333333333334,0.27996672826477376,0.6842105263157894,18.0,1799573.0,73900.0,0.0,0.8,83297.0,651
1065,9,0.23364485981308408,0.8500000000000001,14,0,85849.0,2021,14,0.07142857142857142,0.7499999999999999,0.5488146299033705,0.9473684210526316,18.0,1739174.0,86772.0,0.0,0.2,24501.0,441
1061,20,0.5420560747663552,0.4,19,0,93059.0,2021,10,0.0,0.6249999999999999,0.19027644565202584,0.47368421052631576,8.0,1582865.0,91687.0,1.0,0.4,2083367.0,812
1065,20,0.5420560747663552,0.55,12,0,85938.0,2021,14,0.07142857142857142,0.6249999999999999,0.23504843988312443,0.5263157894736843,12.0,1715255.0,85493.0,0.0,0.4,51084.0,812
1071,20,0.5420560747663552,0.45,11,0,73634.0,2021,19,0.12857142857142856,0.6249999999999999,0.23238856750763884,0.5789473684210527,10.0,1784426.0,73558.0,0.0,0.8,83445.0,812
1077,20,0.5420560747663552,0.65,8,4,81211.0,2022,4,0.17142857142857143,0.6666666666666666,0.4426877470355731,0.42105263157894735,13.0,1879744.0,81044.0,0.0,0.2,30484.0,812
1084,20,0.5420560747663552,0.9,17,0,70001.0,2022,11,0.8714285714285714,0.6666666666666666,0.5658548406493591,1.0,19.0,0.0,70317.0,0.0,0.4,43695.0,812
1095,20,0.5420560747663552,0.45,11,0,75549.0,2022,21,0.12857142857142856,0.6666666666666666,0.14941152025362087,0.631578947368421,9.0,1841525.0,75451.0,0.0,0.4,48276.0,812
1101,807,0.9766355140186915,0.0,17,0,106731.0,2023,4,0.9142857142857144,0.7083333333333334,0.3264358910496382,0.8421052631578947,15.0,2046254.0,105971.0,0.0,0.2,24748.0,381
1107,807,0.9766355140186915,0.4,20,0,71066.0,2023,9,0.8714285714285714,0.7083333333333334,0.21318296091076172,0.3684210526315789,6.0,1858027.0,70180.0,3.0,0.4,38669.0,381
1110,807,0.9766355140186915,0.0,18,0,109907.0,2023,12,0.05714285714285716,0.7083333333333334,0.9150461005788286,1.0,17.0,1536260.0,123472.0,0.0,0.4,49809.0,381
1115,807,0.9766355140186915,0.7000000000000001,16,0,86489.0,2023,17,0.9857142857142858,0.7083333333333334,0.23474338782489876,0.736842105263158,16.0,0.0,89307.0,0.0,0.6000000000000001,96744.0,381
1116,807,0.9766355140186915,0.0,11,0,100925.0,2023,18,0.8571428571428571,0.7083333333333334,0.26763457899856763,0.7894736842105263,15.0,1947499.0,101232.0,0.0,0.4,50881.0,381
1118,807,0.9766355140186915,0.55,12,0,75036.0,2023,20,0.12857142857142856,0.7083333333333334,0.04269598322706826,0.5263157894736843,18.0,1867539.0,75472.0,0.0,0.8,1503572.0,381
1125,807,0.9766355140186915,0.45,10,1,100815.0,2024,5,0.1142857142857143,0.7499999999999999,0.07654743916793803,0.42105263157894735,19.0,1974290.0,102315.0,0.0,0.4,46340.0,381
1126,807,0.9766355140186915,0.45,11,0,91941.0,2024,6,1.0,0.7499999999999999,0.17606375810245511,0.42105263157894735,7.0,1913437.0,91963.0,2.0,0.4,45542.0,381
1131,807,0.9766355140186915,0.45,6,8,70215.0,2024,11,0.8714285714285714,0.7499999999999999,0.11350965787363267,0.42105263157894735,19.0,1649812.0,70512.0,0.0,0.4,44169.0,381
1139,807,0.9766355140186915,0.55,8,4,98404.0,2024,19,0.8571428571428571,0.7499999999999999,0.13269387904561344,0.5789473684210527,8.0,1892734.0,98746.0,1.0,0.2,24500.0,381
1141,807,0.9766355140186915,0.8500000000000001,20,0,83764.0,2024,21,0.12857142857142856,0.7499999999999999,0.7793026686026018,0.9473684210526316,20.0,0.0,72879.0,0.0,0.6000000000000001,112943.0,381
1143,807,0.9766355140186915,0.9,16,0,85767.0,2024,23,0.9857142857142858,0.7499999999999999,0.32886932092676885,0.894736842105263,7.0,1631518.0,84284.0,2.0,0.8,122802.0,381
1061,815,0.037383177570093455,0.0,16,0,88617.0,2021,10,0.0,0.4999999999999999,0.09488178556772177,0.21052631578947367,20.0,0.0,91465.0,0.0,0.8,2161227.0,609
1065,815,0.037383177570093455,0.4,5,10,85156.0,2021,14,0.07142857142857142,0.4999999999999999,0.21129501352595795,0.42105263157894735,9.0,1705758.0,84211.0,0.0,0.2,23906.0,609
1071,815,0.037383177570093455,0.2,4,12,71010.0,2021,19,0.12857142857142856,0.4999999999999999,0.14208716035634184,0.15789473684210525,4.0,1769346.0,73110.0,5.0,1.0,105181.0,609
1077,815,0.037383177570093455,0.15000000000000002,2,18,78949.0,2022,4,0.17142857142857143,0.5416666666666666,0.2758328627893845,0.3157894736842105,3.0,1844288.0,79012.0,6.0,0.4,59993.0,609
1084,815,0.037383177570093455,0.25,20,0,71843.0,2022,11,0.8714285714285714,0.5416666666666666,0.24620126480176444,0.631578947368421,5.0,1608361.0,69137.0,4.0,0.2,23681.0,609
1095,815,0.037383177570093455,0.2,7,6,74283.0,2022,21,0.12857142857142856,0.5416666666666666,0.1542803274309283,0.42105263157894735,5.0,1823162.0,74699.0,4.0,0.4,46021.0,609
1101,815,0.037383177570093455,0.15000000000000002,1,25,104589.0,2023,4,0.9142857142857144,0.5833333333333334,0.10698134518248575,0.10526315789473684,1.0,1997667.0,103616.0,8.0,0.2,20389.0,609
1107,815,0.037383177570093455,0.75,3,15,68111.0,2023,9,0.8714285714285714,0.5833333333333334,0.020840000986468692,0.736842105263158,2.0,1847778.0,75492.0,7.0,0.6000000000000001,60350.0,609
1110,815,0.037383177570093455,0.1,2,18,110308.0,2023,12,0.05714285714285716,0.5833333333333334,0.11264130995616901,0.10526315789473684,19.0,0.0,122516.0,0.0,0.4,46394.0,609
1115,815,0.037383177570093455,0.0,10,1,86220.0,2023,17,0.9857142857142858,0.5833333333333334,0.25751114115908624,0.631578947368421,18.0,0.0,88584.0,0.0,0.6000000000000001,94219.0,609
1116,815,0.037383177570093455,0.45,4,12,99737.0,2023,18,0.8571428571428571,0.5833333333333334,0.21008378666146302,0.42105263157894735,5.0,1913777.0,99824.0,4.0,0.4,47992.0,609
1118,815,0.037383177570093455,0.45,4,12,74124.0,2023,20,0.12857142857142856,0.5833333333333334,0.10373542591465473,0.42105263157894735,3.0,1820826.0,75008.0,6.0,0.8,1479209.0,609
1125,815,0.037383177570093455,0.1,3,15,99388.0,2024,5,0.1142857142857143,0.6249999999999999,0.1678877883591279,0.05263157894736842,3.0,1939918.0,101065.0,6.0,0.4,44398.0,609
1126,815,0.037383177570093455,0.2,4,12,90855.0,2024,6,1.0,0.6249999999999999,0.02105661660303138,0.15789473684210525,3.0,1896478.0,90921.0,6.0,0.4,44091.0,609
1131,815,0.037383177570093455,0.4,7,6,69694.0,2024,11,0.8714285714285714,0.6249999999999999,0.11044182928245341,0.3684210526315789,8.0,1618798.0,69420.0,1.0,0.4,48791.0,609
1139,815,0.037383177570093455,0.45,7,6,98514.0,2024,19,0.8571428571428571,0.6249999999999999,0.135084759749138,0.47368421052631576,9.0,1896096.0,98452.0,0.0,0.2,23580.0,609
1141,815,0.037383177570093455,0.6000000000000001,11,0,82143.0,2024,21,0.12857142857142856,0.6249999999999999,0.3802273258934977,0.631578947368421,8.0,1804762.0,71678.0,1.0,0.4,1451907.0,609
1143,815,0.037383177570093455,0.45,17,0,85288.0,2024,23,0.9857142857142858,0.6249999999999999,0.11884203603848266,0.42105263157894735,20.0,1697381.0,84892.0,0.0,0.6000000000000001,80252.0,609
1061,817,0.0,0.30000000000000004,5,10,91284.0,2021,10,0.0,0.5416666666666666,0.14668211174253204,0.3157894736842105,6.0,1569385.0,90640.0,3.0,0.4,2080098.0,672
1065,817,0.0,0.1,1,25,84812.0,2021,14,0.07142857142857142,0.5416666666666666,0.20687577141299673,0.21052631578947367,3.0,1688612.0,84291.0,6.0,0.2,23812.0,672
1071,817,0.0,0.55,19,0,74443.0,2021,19,0.12857142857142856,0.5416666666666666,0.207466673777711,0.42105263157894735,11.0,1785428.0,73463.0,0.0,0.6000000000000001,60918.0,672
1077,817,0.0,0.30000000000000004,18,0,81577.0,2022,4,0.17142857142857143,0.5833333333333334,0.3342744212309429,0.2631578947368421,6.0,1867307.0,80328.0,3.0,0.6000000000000001,92939.0,672
1084,817,0.0,0.55,9,2,69924.0,2022,11,0.8714285714285714,0.5833333333333334,0.4060280527255618,0.7894736842105263,12.0,1629797.0,69996.0,0.0,0.4,43245.0,672
1095,817,0.0,0.55,20,0,0.0,2022,21,0.12857142857142856,0.5833333333333334,0.5553483186616254,0.6842105263157894,11.0,1850702.0,75385.0,0.0,0.0,0.0,672
1110,817,0.9906542056074766,0.9500000000000001,16,0,110994.0,2023,12,0.05714285714285716,0.6249999999999999,0.7256808265790587,0.9473684210526316,10.0,1521239.0,122967.0,0.0,0.4,46133.0,672
1116,817,0.9906542056074766,0.7000000000000001,15,0,99366.0,2023,18,0.8571428571428571,0.6249999999999999,0.2624877601716721,0.736842105263158,12.0,1936358.0,100434.0,0.0,0.4,50476.0,672
1118,817,0.9906542056074766,0.8500000000000001,13,0,73866.0,2023,20,0.12857142857142856,0.6249999999999999,0.15908207083863213,0.8421052631578947,9.0,1842512.0,75460.0,0.0,0.8,1656958.0,672
1125,817,0.9999999999999999,0.6000000000000001,18,0,100994.0,2024,5,0.1142857142857143,0.6666666666666666,0.1646004750206275,0.5789473684210527,11.0,1962500.0,102234.0,0.0,0.2,22598.0,672
1126,817,0.9999999999999999,1.0,15,0,92122.0,2024,6,1.0,0.6666666666666666,0.2354281952724472,0.894736842105263,4.0,1906354.0,91505.0,5.0,0.2,22540.0,672
1131,817,0.9999999999999999,0.55,9,2,70426.0,2024,11,0.8714285714285714,0.6666666666666666,0.10430617210009488,0.5263157894736843,14.0,1640786.0,70480.0,0.0,0.4,42595.0,672
1061,822,0.6074766355140186,0.15000000000000002,3,15,90524.0,2021,10,0.0,0.5416666666666666,0.188737822102279,0.10526315789473684,3.0,1545928.0,89958.0,6.0,0.4,2077358.0,102
1065,822,0.6074766355140186,0.9500000000000001,3,15,84827.0,2021,14,0.07142857142857142,0.5416666666666666,0.03922077375253075,0.0,1.0,1674078.0,83540.0,8.0,0.2,24308.0,102
1071,822,0.6074766355140186,0.05,3,15,72526.0,2021,19,0.12857142857142856,0.5416666666666666,0.09936391396217983,0.10526315789473684,1.0,1749559.0,72300.0,8.0,0.8,81855.0,102
1077,822,0.23364485981308408,0.35000000000000003,5,10,80758.0,2022,4,0.17142857142857143,0.5833333333333334,0.4582156973461321,0.3684210526315789,7.0,1867700.0,80219.0,2.0,0.2,40957.0,102
1084,822,0.23364485981308408,0.0,11,0,69266.0,2022,11,0.8714285714285714,0.5833333333333334,0.34787830648094614,0.5789473684210527,10.0,1627616.0,69674.0,0.0,0.4,46955.0,102
1095,822,0.23364485981308408,0.7000000000000001,9,2,75511.0,2022,21,0.12857142857142856,0.5833333333333334,0.7242350676244759,0.894736842105263,14.0,1853645.0,75980.0,0.0,0.4,48524.0,102
1101,822,0.23364485981308408,0.65,18,0,106304.0,2023,4,0.9142857142857144,0.6249999999999999,0.2884322509745458,0.6842105263157894,16.0,2047584.0,106277.0,0.0,0.6000000000000001,64333.0,102
1107,822,0.23364485981308408,0.7000000000000001,15,0,69940.0,2023,9,0.8714285714285714,0.6249999999999999,0.22104066620074173,0.6842105263157894,20.0,1903165.0,76758.0,0.0,0.6000000000000001,70890.0,102
1110,822,0.23364485981308408,0.65,12,0,110515.0,2023,12,0.05714285714285716,0.6249999999999999,0.22264993487162618,0.6842105263157894,13.0,1525439.0,123595.0,0.0,0.4,47148.0,102
1115,822,0.23364485981308408,0.45,8,4,86652.0,2023,17,0.9857142857142858,0.6249999999999999,0.2698109619258312,0.42105263157894735,10.0,2123505.0,89017.0,0.0,0.6000000000000001,88310.0,102
1116,822,0.23364485981308408,0.65,12,0,101972.0,2023,18,0.8571428571428571,0.6249999999999999,0.23184079352061232,0.631578947368421,16.0,1955250.0,101503.0,0.0,0.4,49803.0,102
1118,822,0.23364485981308408,0.9,16,0,75731.0,2023,20,0.12857142857142856,0.6249999999999999,0.19450392358997765,0.894736842105263,19.0,1867958.0,75738.0,0.0,0.6000000000000001,1462965.0,102
1125,822,0.06542056074766354,0.5,20,0,101276.0,2024,5,0.1142857142857143,0.6666666666666666,0.1002630568242624,0.47368421052631576,12.0,1962955.0,102140.0,0.0,0.2,22949.0,102
1126,822,0.06542056074766354,0.8,16,0,92098.0,2024,6,1.0,0.6666666666666666,0.1963592921776661,0.7894736842105263,14.0,1928275.0,92462.0,0.0,0.4,46495.0,102
1131,822,0.06542056074766354,0.9,16,0,70449.0,2024,11,0.8714285714285714,0.6666666666666666,0.19906798858318758,0.894736842105263,18.0,1647900.0,70590.0,0.0,0.4,43909.0,102
1139,822,0.06542056074766354,0.8,17,0,100575.0,2024,19,0.8571428571428571,0.6666666666666666,0.264431405809817,0.894736842105263,20.0,1920622.0,99642.0,0.0,0.2,24439.0,102
1141,822,0.06542056074766354,0.55,13,0,82877.0,2024,21,0.12857142857142856,0.6666666666666666,0.5305088466365987,0.5263157894736843,16.0,1829276.0,72698.0,0.0,0.2,1422094.0,102
1143,822,0.06542056074766354,0.65,11,0,85533.0,2024,23,0.9857142857142858,0.6666666666666666,0.18784708922211776,0.631578947368421,12.0,1646361.0,85447.0,0.0,0.6000000000000001,86142.0,102
1077,825,0.9766355140186915,0.4,9,2,81238.0,2022,4,0.17142857142857143,0.45833333333333337,0.38142292490118573,0.15789473684210525,8.0,1870279.0,80557.0,1.0,0.2,33765.0,427
1084,825,0.9766355140186915,0.35000000000000003,8,4,69938.0,2022,11,0.8714285714285714,0.45833333333333337,0.32203397481667256,0.2631578947368421,7.0,1624598.0,69232.0,2.0,0.4,44293.0,427
1095,825,0.9766355140186915,0.4,19,0,0.0,2022,21,0.12857142857142856,0.45833333333333337,0.2580467803972923,0.0,8.0,1840075.0,75110.0,1.0,0.0,0.0,427
1101,825,0.9766355140186915,0.8,13,0,105850.0,2023,4,0.9142857142857144,0.4999999999999999,0.4718602247473909,0.894736842105263,11.0,2025657.0,105349.0,0.0,0.2,30951.0,427
1107,825,0.9766355140186915,0.0,18,0,70176.0,2023,9,0.8714285714285714,0.4999999999999999,0.2921016531709956,0.9473684210526316,14.0,1883323.0,70539.0,0.0,0.6000000000000001,74491.0,427
1110,825,0.9766355140186915,0.8,15,0,110993.0,2023,12,0.05714285714285716,0.4999999999999999,0.32344416214459215,0.631578947368421,14.0,1531419.0,123965.0,0.0,0.4,47210.0,427
1115,825,0.9766355140186915,0.9,14,0,87067.0,2023,17,0.9857142857142858,0.4999999999999999,0.533602862625383,0.9473684210526316,14.0,2126267.0,89560.0,0.0,0.6000000000000001,88022.0,427
1116,825,0.9766355140186915,0.0,14,0,101506.0,2023,18,0.8571428571428571,0.4999999999999999,0.21476271286773171,0.6842105263157894,18.0,1961971.0,101699.0,0.0,0.4,49812.0,427
1118,825,0.9766355140186915,0.6000000000000001,18,0,0.0,2023,20,0.12857142857142856,0.4999999999999999,0.0828618341147547,0.6842105263157894,16.0,1863716.0,75464.0,0.0,0.0,0.0,427
1125,825,0.9766355140186915,0.8500000000000001,16,0,101077.0,2024,5,0.1142857142857143,0.5416666666666666,0.18174146599995106,0.8421052631578947,10.0,1962058.0,102092.0,0.0,0.4,48701.0,427
1126,825,0.9766355140186915,0.9,19,0,91774.0,2024,6,1.0,0.5416666666666666,0.23593558362432748,0.9473684210526316,18.0,1957686.0,92113.0,0.0,0.6000000000000001,83724.0,427
1131,825,0.9766355140186915,0.6000000000000001,8,4,70125.0,2024,11,0.8714285714285714,0.5416666666666666,0.08351311164876878,0.5789473684210527,9.0,1625456.0,69942.0,0.0,0.4,43350.0,427
1139,825,0.9766355140186915,0.4,11,0,98210.0,2024,19,0.8571428571428571,0.5416666666666666,0.12384762044257253,0.42105263157894735,7.0,1891307.0,98602.0,2.0,0.4,48053.0,427
1143,825,0.9766355140186915,0.5,9,2,84259.0,2024,23,0.9857142857142858,0.5416666666666666,0.17798922448159848,0.47368421052631576,10.0,1638495.0,84568.0,0.0,0.6000000000000001,84602.0,427
1061,830,0.037383177570093455,0.05,20,0,0.0,2021,10,0.0,0.20833333333333337,0.0,0.05263157894736842,1.0,1538426.0,90013.0,8.0,0.0,0.0,521
1065,830,0.037383177570093455,0.05,18,0,85173.0,2021,14,0.07142857142857142,0.20833333333333337,0.13589169497355727,0.10526315789473684,2.0,1676403.0,83502.0,7.0,0.2,32456.0,521
1071,830,0.037383177570093455,0.1,2,18,72486.0,2021,19,0.12857142857142856,0.20833333333333337,0.19290193068879213,0.05263157894736842,2.0,1750729.0,72114.0,7.0,0.8,81211.0,521
1077,830,0.037383177570093455,0.05,1,25,78446.0,2022,4,0.17142857142857143,0.2499999999999999,0.14088085827216262,0.0,1.0,1839567.0,79154.0,8.0,0.4,59943.0,521
1084,830,0.037383177570093455,0.05,2,18,67275.0,2022,11,0.8714285714285714,0.2499999999999999,0.1472446790872431,0.0,1.0,1590059.0,68455.0,8.0,0.6000000000000001,64785.0,521
1095,830,0.037383177570093455,0.15000000000000002,6,8,74195.0,2022,21,0.12857142857142856,0.2499999999999999,0.15793193281390883,0.05263157894736842,4.0,1821801.0,74507.0,5.0,0.6000000000000001,86726.0,521
1101,830,0.037383177570093455,0.1,2,18,104232.0,2023,4,0.9142857142857144,0.29166666666666663,0.028337974391253924,0.05263157894736842,3.0,2002732.0,103723.0,6.0,0.2,20707.0,521
1107,830,0.037383177570093455,0.05,1,25,67012.0,2023,9,0.8714285714285714,0.29166666666666663,0.0,0.0,1.0,1826730.0,74292.0,8.0,0.8,80703.0,521
1110,830,0.037383177570093455,0.30000000000000004,1,25,108922.0,2023,12,0.05714285714285716,0.29166666666666663,0.04043052026807402,0.0,1.0,1498433.0,118943.0,8.0,0.4,45899.0,521
1115,830,0.037383177570093455,0.05,1,25,84319.0,2023,17,0.9857142857142858,0.29166666666666663,0.0,0.0,2.0,2103168.0,85604.0,7.0,0.6000000000000001,86062.0,521
1116,830,0.037383177570093455,0.30000000000000004,1,25,100028.0,2023,18,0.8571428571428571,0.29166666666666663,0.05965630912992548,0.2631578947368421,1.0,1890849.0,99060.0,8.0,0.4,48730.0,521
1118,830,0.037383177570093455,0.05,1,25,73422.0,2023,20,0.12857142857142856,0.29166666666666663,0.03036158807258188,0.0,1.0,1807209.0,74540.0,8.0,0.8,1467558.0,521
1125,830,0.037383177570093455,0.05,1,25,98406.0,2024,5,0.1142857142857143,0.33333333333333337,0.0,0.0,1.0,1924660.0,100331.0,8.0,0.4,44726.0,521
1126,830,0.037383177570093455,0.05,2,18,91261.0,2024,6,1.0,0.33333333333333337,0.0,0.0,1.0,1891383.0,90415.0,8.0,0.2,22187.0,521
1131,830,0.037383177570093455,0.05,5,10,67719.0,2024,11,0.8714285714285714,0.33333333333333337,0.024883498572898448,0.0,1.0,1601389.0,69013.0,8.0,0.6000000000000001,70469.0,521
1139,830,0.037383177570093455,0.1,3,15,98117.0,2024,19,0.8571428571428571,0.33333333333333337,0.0,0.05263157894736842,1.0,1866146.0,97463.0,8.0,0.2,24228.0,521
1141,830,0.037383177570093455,0.8500000000000001,1,25,80472.0,2024,21,0.12857142857142856,0.33333333333333337,0.0,0.5789473684210527,4.0,1792542.0,71852.0,5.0,0.2,1409303.0,521
1143,830,0.037383177570093455,0.1,1,25,82905.0,2024,23,0.9857142857142858,0.33333333333333337,0.0925543967304312,0.0,8.0,1633378.0,84577.0,1.0,0.6000000000000001,74890.0,521
1061,832,0.023364485981308407,0.5,6,8,91223.0,2021,10,0.0,0.33333333333333337,0.150272233358608,0.42105263157894735,11.0,1586224.0,91991.0,0.0,0.4,2096631.0,701
1065,832,0.023364485981308407,0.30000000000000004,6,8,85559.0,2021,14,0.07142857142857142,0.33333333333333337,0.15881651343454353,0.3157894736842105,7.0,1702030.0,84918.0,2.0,0.2,24283.0,701
1071,832,0.023364485981308407,0.15000000000000002,6,8,72710.0,2021,19,0.12857142857142856,0.33333333333333337,0.10130587970736903,0.2631578947368421,3.0,1768282.0,73167.0,6.0,0.8,82899.0,701
1077,832,0.023364485981308407,0.2,20,0,0.0,2022,4,0.17142857142857143,0.3749999999999999,0.14370412196499152,0.47368421052631576,4.0,1857145.0,79251.0,5.0,0.0,0.0,701
1084,832,0.023364485981308407,0.15000000000000002,18,0,68649.0,2022,11,0.8714285714285714,0.3749999999999999,0.08195373593539397,0.10526315789473684,3.0,1595703.0,68409.0,6.0,0.4,42704.0,701
1095,832,0.023364485981308407,0.35000000000000003,3,15,73953.0,2022,21,0.12857142857142856,0.3749999999999999,0.4789689060676156,0.21052631578947367,2.0,1815302.0,74522.0,7.0,0.6000000000000001,72505.0,701
1101,832,0.023364485981308407,0.2,5,10,105175.0,2023,4,0.9142857142857144,0.41666666666666663,0.20385767624095846,0.15789473684210525,5.0,2008055.0,104398.0,4.0,0.2,21970.0,701
1107,832,0.023364485981308407,0.15000000000000002,6,8,68880.0,2023,9,0.8714285714285714,0.41666666666666663,0.0761855773767626,0.10526315789473684,3.0,1849818.0,75457.0,6.0,0.6000000000000001,71246.0,701
1110,832,0.023364485981308407,0.2,19,0,113138.0,2023,12,0.05714285714285716,0.41666666666666663,0.07296298541401264,0.21052631578947367,4.0,1511081.0,121472.0,5.0,0.2,23303.0,701
1115,832,0.023364485981308407,0.6000000000000001,20,0,0.0,2023,17,0.9857142857142858,0.41666666666666663,0.20962034966303666,0.5789473684210527,6.0,2120103.0,88644.0,3.0,0.0,0.0,701
1116,832,0.023364485981308407,0.2,3,15,100034.0,2023,18,0.8571428571428571,0.41666666666666663,0.17148264545974656,0.15789473684210525,6.0,1919156.0,100223.0,3.0,0.4,47341.0,701
1118,832,0.023364485981308407,0.35000000000000003,6,8,74406.0,2023,20,0.12857142857142856,0.41666666666666663,0.08981969804805472,0.3684210526315789,8.0,1842315.0,75362.0,1.0,0.8,1483995.0,701
1125,832,0.023364485981308407,0.35000000000000003,5,10,99764.0,2024,5,0.1142857142857143,0.45833333333333337,0.05353624579843519,0.3157894736842105,5.0,1945356.0,100962.0,4.0,0.2,22629.0,701
1126,832,0.023364485981308407,0.15000000000000002,5,10,90928.0,2024,6,1.0,0.45833333333333337,0.06291615563315399,0.10526315789473684,5.0,1906605.0,91568.0,4.0,0.2,22805.0,701
1131,832,0.023364485981308407,0.2,3,15,69282.0,2024,11,0.8714285714285714,0.45833333333333337,0.0,0.15789473684210525,5.0,1611378.0,69121.0,4.0,0.4,42509.0,701
1139,832,0.023364485981308407,0.15000000000000002,2,18,97763.0,2024,19,0.8571428571428571,0.45833333333333337,0.12193491587975289,0.10526315789473684,2.0,1870028.0,97552.0,7.0,0.2,23963.0,701
1141,832,0.023364485981308407,0.0,16,0,84201.0,2024,21,0.12857142857142856,0.45833333333333337,0.44757757264793097,0.6842105263157894,5.0,1793269.0,71975.0,4.0,0.4,1450579.0,701
1143,832,0.023364485981308407,0.35000000000000003,6,8,83465.0,2024,23,0.9857142857142858,0.45833333333333337,0.056408892681860445,0.3157894736842105,4.0,1624336.0,84405.0,5.0,0.6000000000000001,93275.0,701
1061,839,0.9953271028037383,0.45,9,2,92210.0,2021,10,0.0,0.2499999999999999,0.17027433950531692,0.631578947368421,10.0,1585821.0,92183.0,0.0,0.4,2095766.0,585
1065,839,0.9953271028037383,0.6000000000000001,10,1,85566.0,2021,14,0.07142857142857142,0.2499999999999999,0.2643259188814925,0.6842105263157894,13.0,1717451.0,85613.0,0.0,0.2,30333.0,585
1071,839,0.9953271028037383,0.4,8,4,74430.0,2021,19,0.12857142857142856,0.2499999999999999,0.2255916873994767,0.5263157894736843,9.0,1784191.0,73615.0,0.0,0.6000000000000001,60607.0,585
1077,839,0.9953271028037383,0.8,14,0,81887.0,2022,4,0.17142857142857143,0.29166666666666663,1.0,0.9473684210526316,16.0,1883084.0,80995.0,0.0,0.2,31409.0,585
1084,839,0.9953271028037383,0.30000000000000004,5,10,69559.0,2022,11,0.8714285714285714,0.29166666666666663,0.3567197883660924,0.21052631578947367,6.0,1621091.0,69384.0,3.0,0.4,43864.0,585
1095,839,0.9953271028037383,0.8,8,4,75093.0,2022,21,0.12857142857142856,0.29166666666666663,0.4737957984417265,0.2631578947368421,17.0,1863063.0,76097.0,0.0,0.4,48313.0,585
1101,839,0.9953271028037383,0.0,15,0,105908.0,2023,4,0.9142857142857144,0.33333333333333337,0.29721921977803534,0.5789473684210527,18.0,2058288.0,105090.0,0.0,0.2,20367.0,585
1107,839,0.9953271028037383,0.6000000000000001,14,0,69797.0,2023,9,0.8714285714285714,0.33333333333333337,0.20942492794598866,0.5789473684210527,7.0,1863332.0,75512.0,2.0,0.6000000000000001,70598.0,585
1110,839,0.9953271028037383,0.7000000000000001,8,4,110439.0,2023,12,0.05714285714285716,0.33333333333333337,0.2508572745935383,0.736842105263158,9.0,1520843.0,123061.0,0.0,0.4,46424.0,585
1115,839,0.9953271028037383,0.4,7,6,86450.0,2023,17,0.9857142857142858,0.33333333333333337,0.18423561318698853,0.3684210526315789,17.0,0.0,89388.0,0.0,0.6000000000000001,87099.0,585
1116,839,0.9953271028037383,0.4,18,0,104789.0,2023,18,0.8571428571428571,0.33333333333333337,0.24330416272597055,0.3684210526315789,11.0,1935835.0,101013.0,0.0,0.0,0.0,585
1118,839,0.9953271028037383,0.7000000000000001,10,1,74206.0,2023,20,0.12857142857142856,0.33333333333333337,0.1337807474448139,0.5789473684210527,14.0,1850057.0,75536.0,0.0,1.0,1508976.0,585
1125,839,0.9953271028037383,0.65,11,0,100937.0,2024,5,0.1142857142857143,0.3749999999999999,0.14417217070280353,0.631578947368421,13.0,1964501.0,102191.0,0.0,0.4,46364.0,585
1126,839,0.9953271028037383,0.65,10,1,92037.0,2024,6,1.0,0.3749999999999999,0.13192097148887127,0.631578947368421,15.0,1929123.0,92218.0,0.0,0.2,22663.0,585
1131,839,0.9953271028037383,0.5,12,0,69649.0,2024,11,0.8714285714285714,0.3749999999999999,0.10601052131741669,0.47368421052631576,11.0,1632228.0,70254.0,0.0,0.4,43522.0,585
1139,839,0.9953271028037383,0.6000000000000001,18,0,97330.0,2024,19,0.8571428571428571,0.3749999999999999,0.22474278613130924,0.631578947368421,15.0,1908950.0,98835.0,0.0,0.4,50331.0,585
1141,839,0.9953271028037383,0.2,2,18,81771.0,2024,21,0.12857142857142856,0.3749999999999999,0.1630981721777132,0.15789473684210525,13.0,1820173.0,72882.0,0.0,0.2,1408695.0,585
1143,839,0.9953271028037383,1.0,20,0,0.0,2024,23,0.9857142857142858,0.3749999999999999,0.4033509656329147,1.0,14.0,1653389.0,85598.0,0.0,0.0,0.0,585
1061,840,0.5420560747663552,0.7000000000000001,8,4,91992.0,2021,10,0.0,0.16666666666666663,0.32464956899658315,0.736842105263158,14.0,1590605.0,92210.0,0.0,0.4,2096074.0,758
1065,840,0.5420560747663552,0.45,7,6,85853.0,2021,14,0.07142857142857142,0.16666666666666663,0.24084869515638604,0.5789473684210527,10.0,1712749.0,85349.0,0.0,0.2,24846.0,758
1071,840,0.5420560747663552,0.7000000000000001,20,0,75344.0,2021,19,0.12857142857142856,0.16666666666666663,0.30100469050432327,0.7894736842105263,14.0,1793596.0,73666.0,0.0,0.6000000000000001,60880.0,758
1077,840,0.5420560747663552,0.75,10,1,81750.0,2022,4,0.17142857142857143,0.20833333333333337,0.43647656691134945,0.736842105263158,15.0,1882477.0,80948.0,0.0,0.2,32667.0,758
1084,840,0.5420560747663552,0.6000000000000001,13,0,70048.0,2022,11,0.8714285714285714,0.20833333333333337,0.48560138969187794,0.8421052631578947,13.0,1638300.0,70295.0,0.0,0.4,43383.0,758
1095,840,0.5420560747663552,0.75,10,1,74831.0,2022,21,0.12857142857142856,0.20833333333333337,0.39315617956757265,0.736842105263158,16.0,1862007.0,75425.0,0.0,0.4,47233.0,758
1101,840,0.5420560747663552,0.45,7,6,105627.0,2023,4,0.9142857142857144,0.2499999999999999,0.27569114620948587,0.42105263157894735,8.0,2016084.0,104855.0,1.0,0.2,23161.0,758
1107,840,0.5420560747663552,0.30000000000000004,9,2,68463.0,2023,9,0.8714285714285714,0.2499999999999999,0.20293378009774432,0.2631578947368421,4.0,1856433.0,75531.0,5.0,0.8,84865.0,758
1110,840,0.5420560747663552,0.5,9,2,111297.0,2023,12,0.05714285714285716,0.2499999999999999,0.2563106936064413,0.47368421052631576,11.0,1523440.0,123356.0,0.0,0.2,25397.0,758
1115,840,0.5420560747663552,0.8,11,0,86352.0,2023,17,0.9857142857142858,0.2499999999999999,0.35015234438095266,0.8421052631578947,13.0,2125820.0,89536.0,0.0,0.6000000000000001,86441.0,758
1116,840,0.5420560747663552,0.0,7,6,99908.0,2023,18,0.8571428571428571,0.2499999999999999,0.350451572849523,0.9473684210526316,20.0,0.0,101460.0,0.0,0.4,48412.0,758
1118,840,0.5420560747663552,0.15000000000000002,5,10,74007.0,2023,20,0.12857142857142856,0.2499999999999999,0.06673224045119558,0.10526315789473684,12.0,1846687.0,75467.0,0.0,0.8,1477340.0,758
1125,840,0.5420560747663552,0.55,15,0,99444.0,2024,5,0.1142857142857143,0.29166666666666663,0.13900639259944578,0.5263157894736843,14.0,1964959.0,102258.0,0.0,0.8,174785.0,758
1126,840,0.5420560747663552,0.55,17,0,91588.0,2024,6,1.0,0.29166666666666663,0.12380275785878687,0.5263157894736843,19.0,0.0,0.0,0.0,0.4,45669.0,758
1131,840,0.5420560747663552,0.8500000000000001,13,0,70143.0,2024,11,0.8714285714285714,0.29166666666666663,0.18952363296618546,0.8421052631578947,10.0,1631564.0,70260.0,0.0,0.4,42701.0,758
1139,840,0.5420560747663552,0.65,15,0,99214.0,2024,19,0.8571428571428571,0.29166666666666663,0.2359799254378747,0.6842105263157894,13.0,1907382.0,99532.0,0.0,0.2,26399.0,758
1141,840,0.5420560747663552,0.5,19,0,0.0,2024,21,0.12857142857142856,0.29166666666666663,0.5171895814202369,0.47368421052631576,19.0,1844028.0,73560.0,0.0,0.0,0.0,758
1143,840,0.5420560747663552,0.75,18,0,90935.0,2024,23,0.9857142857142858,0.29166666666666663,0.2108487736166628,0.736842105263158,13.0,1647431.0,85369.0,0.0,0.4,71457.0,758
1061,841,0.23364485981308408,0.75,13,0,92346.0,2021,10,0.0,0.3749999999999999,0.2164330459977221,0.6842105263157894,15.0,1591651.0,92457.0,0.0,0.4,2098387.0,311
1065,841,0.23364485981308408,0.35000000000000003,13,0,85718.0,2021,14,0.07142857142857142,0.3749999999999999,0.1806365213672895,0.47368421052631576,8.0,1705167.0,85126.0,1.0,0.4,67741.0,311
1071,841,0.23364485981308408,0.65,14,0,74227.0,2021,19,0.12857142857142856,0.3749999999999999,0.19710952313670205,0.736842105263158,13.0,1791439.0,73627.0,0.0,0.8,82090.0,311
1061,842,0.9906542056074766,0.55,11,0,90266.0,2021,10,0.0,0.2499999999999999,0.2177152322891778,0.5789473684210527,12.0,1587189.0,92072.0,0.0,0.6000000000000001,2124109.0,292
1065,842,0.9906542056074766,0.0,19,0,89005.0,2021,14,0.07142857142857142,0.2499999999999999,0.24775376095788793,0.2631578947368421,20.0,0.0,0.0,0.0,0.0,0.0,292
1071,842,0.9906542056074766,0.35000000000000003,7,6,73227.0,2021,19,0.12857142857142856,0.2499999999999999,0.19872782792435967,0.21052631578947367,8.0,1783717.0,73342.0,1.0,0.8,84202.0,292
1077,842,0.9906542056074766,0.8500000000000001,12,0,81713.0,2022,4,0.17142857142857143,0.29166666666666663,0.546583850931677,0.8421052631578947,17.0,1883361.0,80599.0,0.0,0.2,30405.0,292
1084,842,0.9906542056074766,0.7000000000000001,15,0,70104.0,2022,11,0.8714285714285714,0.29166666666666663,0.39786668483158066,0.47368421052631576,15.0,1642184.0,70409.0,0.0,0.4,50334.0,292
1095,842,0.9906542056074766,0.5,14,0,75327.0,2022,21,0.12857142857142856,0.29166666666666663,0.3849400674558664,0.5789473684210527,10.0,1845477.0,75290.0,0.0,0.6000000000000001,69797.0,292
1101,842,0.9953271028037383,0.8500000000000001,14,0,105540.0,2023,4,0.9142857142857144,0.33333333333333337,0.7873124047926671,0.9473684210526316,13.0,2034585.0,105883.0,0.0,0.4,41404.0,292
1107,842,0.9953271028037383,0.45,10,1,69046.0,2023,9,0.8714285714285714,0.33333333333333337,0.13631410481313128,0.42105263157894735,15.0,1884382.0,76109.0,0.0,0.6000000000000001,65998.0,292
1110,842,0.9953271028037383,0.6000000000000001,11,0,110911.0,2023,12,0.05714285714285716,0.33333333333333337,0.22772725602157037,0.5789473684210527,3.0,1509166.0,121857.0,6.0,0.2,25664.0,292
1115,842,0.9953271028037383,0.35000000000000003,12,0,86310.0,2023,17,0.9857142857142858,0.33333333333333337,0.14628935763000936,0.3157894736842105,9.0,2123039.0,88769.0,0.0,0.6000000000000001,93477.0,292
1116,842,0.9953271028037383,0.35000000000000003,6,8,100412.0,2023,18,0.8571428571428571,0.33333333333333337,0.24962071310443326,0.3157894736842105,7.0,1923252.0,100155.0,2.0,0.4,48780.0,292
1118,842,0.9953271028037383,0.75,7,6,74521.0,2023,20,0.12857142857142856,0.33333333333333337,0.14326874371749573,0.631578947368421,13.0,1847830.0,75209.0,0.0,0.8,1486107.0,292
1125,842,0.9953271028037383,0.75,13,0,99198.0,2024,5,0.1142857142857143,0.3749999999999999,0.12797041210590868,0.736842105263158,15.0,1965498.0,102017.0,0.0,0.6000000000000001,86535.0,292
1126,842,0.9953271028037383,0.6000000000000001,12,0,92055.0,2024,6,1.0,0.3749999999999999,0.07281022849481934,0.5789473684210527,9.0,1923263.0,92148.0,0.0,0.2,22466.0,292
1131,842,0.9953271028037383,0.65,10,1,69609.0,2024,11,0.8714285714285714,0.3749999999999999,0.11419139756056139,0.631578947368421,12.0,1632697.0,70168.0,0.0,0.4,43474.0,292
1139,842,0.9953271028037383,0.30000000000000004,12,0,98311.0,2024,19,0.8571428571428571,0.3749999999999999,0.12050038745763814,0.3157894736842105,14.0,1908141.0,99438.0,0.0,0.2,28228.0,292
1141,842,0.9953271028037383,0.65,3,15,81645.0,2024,21,0.12857142857142856,0.3749999999999999,0.2256735880055261,0.736842105263158,7.0,1804206.0,72400.0,2.0,0.2,1407586.0,292
1143,842,0.9953271028037383,0.55,5,10,83705.0,2024,23,0.9857142857142858,0.3749999999999999,0.16484540482757273,0.5263157894736843,9.0,1637523.0,84930.0,0.0,0.6000000000000001,81997.0,292
1061,844,0.023364485981308407,0.2,2,18,90569.0,2021,10,0.0,0.20833333333333337,0.07693117748734198,0.15789473684210525,4.0,1549704.0,90163.0,5.0,0.4,2076164.0,463
1065,844,0.023364485981308407,0.25,4,12,85319.0,2021,14,0.07142857142857142,0.20833333333333337,0.18671297927261118,0.3684210526315789,6.0,1697520.0,84677.0,3.0,0.2,24557.0,463
1071,844,0.023364485981308407,0.30000000000000004,5,10,72822.0,2021,19,0.12857142857142856,0.20833333333333337,0.13658492407830583,0.3157894736842105,7.0,1774615.0,73140.0,2.0,0.8,81445.0,463
1077,844,0.023364485981308407,0.1,6,8,78574.0,2022,4,0.17142857142857143,0.2499999999999999,0.0,0.05263157894736842,2.0,1842542.0,79044.0,7.0,0.6000000000000001,98396.0,463
1084,844,0.023364485981308407,0.1,1,25,67583.0,2022,11,0.8714285714285714,0.2499999999999999,0.0,0.05263157894736842,2.0,1591734.0,68321.0,7.0,0.6000000000000001,64501.0,463
1095,844,0.023364485981308407,0.25,4,12,74253.0,2022,21,0.12857142857142856,0.2499999999999999,0.41993461904276336,0.47368421052631576,6.0,1824440.0,75236.0,3.0,0.6000000000000001,76376.0,463
1101,844,0.023364485981308407,0.05,3,15,104561.0,2023,4,0.9142857142857144,0.29166666666666663,0.0,0.0,2.0,2002130.0,103646.0,7.0,0.2,21126.0,463
1107,844,0.023364485981308407,0.1,2,18,68820.0,2023,9,0.8714285714285714,0.29166666666666663,0.1574957451600339,0.05263157894736842,12.0,1877519.0,70686.0,0.0,0.6000000000000001,61288.0,463
1110,844,0.023364485981308407,0.05,3,15,110436.0,2023,12,0.05714285714285716,0.29166666666666663,0.0,0.05263157894736842,5.0,1513449.0,122635.0,4.0,0.4,46372.0,463
1115,844,0.023364485981308407,0.25,5,10,84992.0,2023,17,0.9857142857142858,0.29166666666666663,0.11645574981279815,0.21052631578947367,12.0,2126157.0,88759.0,0.0,0.6000000000000001,83614.0,463
1116,844,0.023364485981308407,0.05,20,0,0.0,2023,18,0.8571428571428571,0.29166666666666663,0.22692792100403025,0.0,3.0,1908836.0,99634.0,6.0,0.2,23963.0,463
1118,844,0.023364485981308407,0.0,20,0,0.0,2023,20,0.12857142857142856,0.29166666666666663,0.04174718359980008,0.05263157894736842,5.0,1835769.0,75411.0,4.0,0.0,0.0,463
1125,844,0.023364485981308407,0.30000000000000004,4,12,99384.0,2024,5,0.1142857142857143,0.33333333333333337,0.012914445258394455,0.2631578947368421,4.0,1942146.0,101003.0,5.0,0.2,22360.0,463
1126,844,0.023364485981308407,0.1,3,15,91084.0,2024,6,1.0,0.33333333333333337,0.09944811696853373,0.05263157894736842,2.0,1894754.0,90807.0,7.0,0.2,21825.0,463
1131,844,0.023364485981308407,0.30000000000000004,11,0,69584.0,2024,11,0.8714285714285714,0.33333333333333337,0.08385398149223314,0.2631578947368421,7.0,1614813.0,69352.0,2.0,0.8,96748.0,463
1139,844,0.023364485981308407,0.2,1,25,97834.0,2024,19,0.8571428571428571,0.33333333333333337,0.046622173718729044,0.15789473684210525,4.0,1873102.0,97748.0,5.0,0.2,23817.0,463
1141,844,0.023364485981308407,0.30000000000000004,5,10,81631.0,2024,21,0.12857142857142856,0.33333333333333337,0.3309711752820466,0.2631578947368421,3.0,1791701.0,71914.0,6.0,0.4,1444833.0,463
1143,844,0.023364485981308407,0.25,2,18,83242.0,2024,23,0.9857142857142858,0.33333333333333337,0.010131694316644835,0.21052631578947367,5.0,1628083.0,83923.0,4.0,0.6000000000000001,83118.0,463
1061,846,0.0,0.25,4,12,91420.0,2021,10,0.0,0.125,0.17771101999575997,0.2631578947368421,5.0,1562537.0,90566.0,4.0,0.4,2083924.0,582
1065,846,0.0,0.15000000000000002,2,18,84971.0,2021,14,0.07142857142857142,0.125,0.10302358175840824,0.15789473684210525,4.0,1692913.0,84554.0,5.0,0.2,24168.0,582
1071,846,0.0,0.25,10,1,73761.0,2021,19,0.12857142857142856,0.125,0.20455372515992723,0.3684210526315789,6.0,1772117.0,72994.0,3.0,1.0,106092.0,582
1077,846,0.0,0.25,3,15,80903.0,2022,4,0.17142857142857143,0.16666666666666663,0.38735177865612647,0.10526315789473684,5.0,1864128.0,80030.0,4.0,0.2,30070.0,582
1084,846,0.0,0.5,7,6,69304.0,2022,11,0.8714285714285714,0.16666666666666663,0.30979192297570085,0.736842105263158,11.0,1628639.0,69909.0,0.0,0.4,50008.0,582
1095,846,0.0,0.30000000000000004,18,0,75855.0,2022,21,0.12857142857142856,0.16666666666666663,0.0,0.15789473684210525,7.0,1836931.0,75380.0,2.0,0.4,54007.0,582
1101,846,0.0,0.35000000000000003,9,2,105738.0,2023,4,0.9142857142857144,0.20833333333333337,0.19441168477720713,0.3157894736842105,17.0,2048771.0,104484.0,0.0,0.2,20346.0,582
1107,846,0.0,0.2,4,12,68739.0,2023,9,0.8714285714285714,0.20833333333333337,0.17116131957739042,0.15789473684210525,9.0,1865338.0,75627.0,0.0,0.6000000000000001,61454.0,582
1110,846,0.0,0.35000000000000003,7,6,111682.0,2023,12,0.05714285714285716,0.20833333333333337,0.316110253816895,0.3157894736842105,6.0,1514485.0,122085.0,3.0,0.4,48756.0,582
1115,846,0.0,0.5,3,15,84842.0,2023,17,0.9857142857142858,0.20833333333333337,0.032450590959071844,0.47368421052631576,3.0,2109794.0,85662.0,6.0,0.6000000000000001,83422.0,582
1116,846,0.0,0.1,2,18,99985.0,2023,18,0.8571428571428571,0.20833333333333337,0.004444979895955231,0.05263157894736842,4.0,1909712.0,99795.0,5.0,0.4,47516.0,582
1118,846,0.0,0.30000000000000004,2,18,72486.0,2023,20,0.12857142857142856,0.20833333333333337,0.08950343150563199,0.3157894736842105,2.0,1811496.0,74647.0,7.0,0.8,1471467.0,582
1125,846,0.0,0.2,2,18,98751.0,2024,5,0.1142857142857143,0.2499999999999999,0.023480809560717186,0.15789473684210525,6.0,1946748.0,100951.0,3.0,0.2,22161.0,582
1126,846,0.0,0.25,1,25,90980.0,2024,6,1.0,0.2499999999999999,0.056827495410590706,0.21052631578947367,20.0,0.0,0.0,0.0,0.2,22041.0,582
1131,846,0.0,0.1,20,0,68016.0,2024,11,0.8714285714285714,0.2499999999999999,0.06374266072783576,0.05263157894736842,3.0,1606737.0,68935.0,6.0,0.4,43028.0,582
1139,846,0.0,0.05,4,12,97679.0,2024,19,0.8571428571428571,0.2499999999999999,0.13628020010090028,0.0,3.0,1872386.0,98045.0,6.0,0.2,23731.0,582
1141,846,0.0,0.05,6,8,81517.0,2024,21,0.12857142857142856,0.2499999999999999,0.6086652896986461,0.0,1.0,1786045.0,71917.0,8.0,0.4,1440127.0,582
1143,846,0.0,0.15000000000000002,10,1,82384.0,2024,23,0.9857142857142858,0.2499999999999999,0.09228056715430567,0.10526315789473684,2.0,1623146.0,84329.0,7.0,0.8,118431.0,582
1061,847,0.009345794392523362,0.6000000000000001,12,0,92049.0,2021,10,0.0,0.16666666666666663,0.2359222776278487,0.3684210526315789,9.0,1585078.0,92208.0,0.0,0.4,2100355.0,695
1065,847,0.009345794392523362,0.7000000000000001,9,2,85835.0,2021,14,0.07142857142857142,0.16666666666666663,0.372044945384922,0.736842105263158,15.0,1720899.0,85835.0,0.0,0.2,24156.0,695
1071,847,0.009345794392523362,0.8500000000000001,13,0,74355.0,2021,19,0.12857142857142856,0.16666666666666663,0.3948663681884671,0.894736842105263,17.0,1797298.0,74056.0,0.0,0.8,85133.0,695
1077,847,0.6074766355140186,0.55,4,12,80962.0,2022,4,0.17142857142857143,0.20833333333333337,0.44805194805194803,0.5263157894736843,11.0,1875851.0,80756.0,0.0,0.2,31079.0,695
1084,847,0.6074766355140186,0.2,4,12,69075.0,2022,11,0.8714285714285714,0.20833333333333337,0.2774865083953588,0.15789473684210525,4.0,1603488.0,68979.0,5.0,0.4,59932.0,695
1095,847,0.6074766355140186,0.05,1,25,73785.0,2022,21,0.12857142857142856,0.20833333333333337,0.40198089257644226,0.10526315789473684,1.0,1811307.0,74233.0,8.0,0.4,47001.0,695
1101,847,0.6074766355140186,0.55,8,4,103370.0,2023,4,0.9142857142857144,0.2499999999999999,0.17661807295014076,0.5263157894736843,4.0,2001134.0,104409.0,5.0,0.4,41848.0,695
1107,847,0.6074766355140186,0.55,7,6,69283.0,2023,9,0.8714285714285714,0.2499999999999999,0.1947344354473304,0.5263157894736843,8.0,1863341.0,70385.0,1.0,0.6000000000000001,61910.0,695
1110,847,0.6074766355140186,0.4,6,8,110603.0,2023,12,0.05714285714285716,0.2499999999999999,0.1382159646373693,0.3684210526315789,8.0,1515255.0,121935.0,1.0,0.2,23837.0,695
1115,847,0.6074766355140186,0.1,4,12,85770.0,2023,17,0.9857142857142858,0.2499999999999999,0.08557534873884268,0.05263157894736842,4.0,2112333.0,87220.0,5.0,0.8,124733.0,695
1116,847,0.6074766355140186,0.25,5,10,99393.0,2023,18,0.8571428571428571,0.2499999999999999,0.25125833727662733,0.21052631578947367,8.0,1925099.0,100253.0,1.0,0.4,48326.0,695
1118,847,0.6074766355140186,0.4,15,0,74934.0,2023,20,0.12857142857142856,0.2499999999999999,0.0,0.2631578947368421,4.0,1833088.0,74422.0,5.0,0.8,1479125.0,695
1125,847,0.6074766355140186,0.4,6,8,100112.0,2024,5,0.1142857142857143,0.29166666666666663,0.0803043686976528,0.3684210526315789,8.0,1950356.0,101505.0,1.0,0.4,45122.0,695
1126,847,0.6074766355140186,0.35000000000000003,8,4,91921.0,2024,6,1.0,0.29166666666666663,0.11923626269186441,0.3157894736842105,12.0,1927138.0,92173.0,0.0,0.2,22800.0,695
1131,847,0.6074766355140186,0.15000000000000002,1,25,69164.0,2024,11,0.8714285714285714,0.29166666666666663,0.10976008959552468,0.10526315789473684,4.0,1609743.0,69194.0,5.0,0.4,42902.0,695
1139,847,0.6074766355140186,1.0,6,8,97656.0,2024,19,0.8571428571428571,0.29166666666666663,0.11715315447270375,0.2631578947368421,5.0,1881912.0,98301.0,4.0,0.2,29327.0,695
1141,847,0.6074766355140186,0.1,4,12,81645.0,2024,21,0.12857142857142856,0.29166666666666663,0.15053282763397566,0.05263157894736842,6.0,1798520.0,72142.0,3.0,0.4,1441536.0,695
1143,847,0.6074766355140186,0.05,4,12,83355.0,2024,23,0.9857142857142858,0.29166666666666663,0.0,0.05263157894736842,3.0,1623420.0,84380.0,6.0,0.8,116979.0,695
1077,848,0.009345794392523362,0.9,11,0,81757.0,2022,4,0.17142857142857143,0.29166666666666663,0.43307201523364014,1.0,18.0,1888438.0,81020.0,0.0,0.2,30793.0,14
1084,848,0.009345794392523362,0.75,12,0,69669.0,2022,11,0.8714285714285714,0.29166666666666663,0.3730425241540547,0.5263157894736843,16.0,1642471.0,70367.0,0.0,0.4,44423.0,14
1095,848,0.009345794392523362,0.9500000000000001,15,0,75613.0,2022,21,0.12857142857142856,0.29166666666666663,0.3706379463725259,0.5263157894736843,20.0,0.0,75998.0,0.0,0.6000000000000001,71035.0,14
1101,848,0.009345794392523362,0.6000000000000001,12,0,105925.0,2023,4,0.9142857142857144,0.33333333333333337,0.19814614651869022,0.631578947368421,9.0,2019424.0,104915.0,0.0,0.2,21103.0,14
1107,848,0.009345794392523362,0.5,11,0,69560.0,2023,9,0.8714285714285714,0.33333333333333337,0.19029312376168955,0.47368421052631576,13.0,1879578.0,71635.0,0.0,0.6000000000000001,65982.0,14
1110,848,0.009345794392523362,0.75,14,0,109841.0,2023,12,0.05714285714285716,0.33333333333333337,0.37873054799953987,0.7894736842105263,12.0,1524736.0,123674.0,0.0,0.6000000000000001,72140.0,14
1115,848,0.009345794392523362,0.65,13,0,86666.0,2023,17,0.9857142857142858,0.33333333333333337,0.29074682706071625,0.6842105263157894,7.0,2121161.0,88717.0,2.0,0.6000000000000001,86981.0,14
1116,848,0.009345794392523362,0.75,9,2,101371.0,2023,18,0.8571428571428571,0.33333333333333337,0.2863502838236423,0.894736842105263,9.0,1925416.0,100094.0,0.0,0.4,48917.0,14
1118,848,0.009345794392523362,0.65,19,0,0.0,2023,20,0.12857142857142856,0.33333333333333337,0.08887089842078652,0.736842105263158,15.0,1850603.0,75598.0,0.0,0.0,0.0,14
1125,848,0.009345794392523362,0.7000000000000001,12,0,100790.0,2024,5,0.1142857142857143,0.3749999999999999,0.15074679737980434,0.6842105263157894,17.0,1967658.0,102389.0,0.0,0.4,46873.0,14
1126,848,0.009345794392523362,0.7000000000000001,18,0,90849.0,2024,6,1.0,0.3749999999999999,0.16591599106484964,0.6842105263157894,13.0,1927469.0,92223.0,0.0,0.4,45395.0,14
1131,848,0.009345794392523362,0.8,15,0,70364.0,2024,11,0.8714285714285714,0.3749999999999999,0.1612314359586434,0.7894736842105263,17.0,1646062.0,70562.0,0.0,0.4,43570.0,14
1139,848,0.009345794392523362,0.7000000000000001,16,0,99084.0,2024,19,0.8571428571428571,0.3749999999999999,0.2402835107042189,0.7894736842105263,17.0,1910710.0,99198.0,0.0,0.4,59374.0,14
1141,848,0.009345794392523362,0.35000000000000003,18,0,0.0,2024,21,0.12857142857142856,0.3749999999999999,0.13821878998111287,0.3157894736842105,10.0,1810651.0,71692.0,0.0,0.0,0.0,14
1143,848,0.009345794392523362,0.8,15,0,85559.0,2024,23,0.9857142857142858,0.3749999999999999,0.31463018296824097,0.7894736842105263,15.0,1656072.0,85443.0,0.0,0.8,128124.0,14
1061,849,0.009345794392523362,0.8500000000000001,14,0,92477.0,2021,10,0.0,0.29166666666666663,0.3854251992115833,0.894736842105263,17.0,1593588.0,92143.0,0.0,0.4,2104707.0,457
1065,849,0.009345794392523362,0.65,11,0,85953.0,2021,14,0.07142857142857142,0.29166666666666663,0.38171203750702465,0.7894736842105263,14.0,1720055.0,85711.0,0.0,0.2,24168.0,457
1071,849,0.009345794392523362,0.8,16,0,74616.0,2021,19,0.12857142857142856,0.29166666666666663,0.3767413545667014,0.8421052631578947,16.0,1796319.0,73934.0,0.0,0.8,82831.0,457
1077,849,0.009345794392523362,0.9500000000000001,16,0,81338.0,2022,4,0.17142857142857143,0.33333333333333337,0.8963862224731789,0.894736842105263,19.0,1891584.0,81437.0,0.0,0.2,31125.0,457
1084,849,0.009345794392523362,0.8500000000000001,19,0,70890.0,2022,11,0.8714285714285714,0.33333333333333337,0.5386502810027554,0.9473684210526316,18.0,1658753.0,70284.0,0.0,0.4,42928.0,457
1095,849,0.009345794392523362,0.9,16,0,75327.0,2022,21,0.12857142857142856,0.33333333333333337,0.6052535922290263,0.7894736842105263,19.0,1888157.0,76525.0,0.0,0.6000000000000001,76739.0,457
1061,852,0.9906542056074766,0.8,10,1,90826.0,2021,10,0.0,0.08333333333333337,0.3313169377121528,0.7894736842105263,16.0,1591993.0,92270.0,0.0,0.4,2104829.0,800
1065,852,0.9906542056074766,0.0,20,0,0.0,2021,14,0.07142857142857142,0.08333333333333337,0.3949697638459083,0.8421052631578947,16.0,1724055.0,85847.0,0.0,0.0,0.0,800
1071,852,0.9906542056074766,0.75,15,0,74204.0,2021,19,0.12857142857142856,0.08333333333333337,0.19969881079695426,0.631578947368421,15.0,1795709.0,73747.0,0.0,1.0,121323.0,800
1077,852,0.9906542056074766,0.6000000000000001,7,6,80544.0,2022,4,0.17142857142857143,0.125,0.47374364765669114,0.7894736842105263,12.0,1877865.0,80909.0,0.0,0.2,30372.0,800
1084,852,0.9906542056074766,0.8,16,0,70023.0,2022,11,0.8714285714285714,0.125,0.35501950338817967,0.6842105263157894,17.0,1644615.0,70267.0,0.0,0.4,43268.0,800
1095,852,0.9906542056074766,0.0,17,0,75508.0,2022,21,0.12857142857142856,0.125,0.9609808166210484,0.9473684210526316,15.0,1861613.0,76413.0,0.0,0.6000000000000001,70567.0,800
1101,852,0.9906542056074766,0.4,10,1,105727.0,2023,4,0.9142857142857144,0.16666666666666663,0.21198562238418633,0.3684210526315789,19.0,0.0,0.0,0.0,0.2,20497.0,800
1107,852,0.9906542056074766,0.8,19,0,69620.0,2023,9,0.8714285714285714,0.16666666666666663,0.22821509276985388,0.7894736842105263,16.0,1891552.0,71363.0,0.0,0.8,94615.0,800
1110,852,0.9906542056074766,0.55,10,1,111394.0,2023,12,0.05714285714285716,0.16666666666666663,0.13990840502068405,0.5263157894736843,18.0,1537700.0,122080.0,0.0,0.4,45347.0,800
1115,852,0.9906542056074766,0.55,15,0,87174.0,2023,17,0.9857142857142858,0.16666666666666663,0.27504492820955245,0.5263157894736843,11.0,2124160.0,89381.0,0.0,0.6000000000000001,83186.0,800
1116,852,0.9906542056074766,0.55,8,4,98139.0,2023,18,0.8571428571428571,0.16666666666666663,0.1923038670776421,0.5263157894736843,14.0,1940582.0,100632.0,0.0,0.6000000000000001,71951.0,800
1118,852,0.9906542056074766,0.8,9,2,74231.0,2023,20,0.12857142857142856,0.16666666666666663,0.15718447158409574,0.7894736842105263,6.0,1836419.0,75532.0,3.0,0.8,1486956.0,800
1125,852,0.9999999999999999,0.9500000000000001,19,0,101593.0,2024,5,0.1142857142857143,0.20833333333333337,0.23574732798960057,0.9473684210526316,16.0,1966530.0,102056.0,0.0,0.4,45547.0,800
1126,852,0.9999999999999999,0.5,7,6,91682.0,2024,6,1.0,0.20833333333333337,0.16109580172198704,0.47368421052631576,8.0,1921199.0,91844.0,1.0,0.2,22153.0,800
1131,852,0.9999999999999999,0.7000000000000001,14,0,70318.0,2024,11,0.8714285714285714,0.20833333333333337,0.1022609530393087,0.6842105263157894,13.0,1636841.0,70363.0,0.0,0.4,44694.0,800
1139,852,0.9999999999999999,0.5,14,0,99193.0,2024,19,0.8571428571428571,0.20833333333333337,0.17907696469399,0.5263157894736843,11.0,1904509.0,99136.0,0.0,0.2,24193.0,800
1141,852,0.9999999999999999,0.15000000000000002,7,6,81828.0,2024,21,0.12857142857142856,0.20833333333333337,0.16334947906858793,0.10526315789473684,15.0,1827419.0,72838.0,0.0,0.4,1444461.0,800
1143,852,0.9999999999999999,0.7000000000000001,13,0,86144.0,2024,23,0.9857142857142858,0.20833333333333337,0.30751061398897706,0.6842105263157894,17.0,1658112.0,85838.0,0.0,0.8,116858.0,800
1061,853,0.9766355140186915,0.9500000000000001,17,0,92909.0,2021,10,0.0,0.125,0.5898056940696218,1.0,19.0,1616074.0,93462.0,0.0,0.4,2106230.0,524
1065,853,0.9766355140186915,0.8,16,0,87202.0,2021,14,0.07142857142857142,0.125,0.6001883194665446,1.0,17.0,1736677.0,86613.0,0.0,0.6000000000000001,80651.0,524
1071,853,0.9766355140186915,0.9500000000000001,17,0,74954.0,2021,19,0.12857142857142856,0.125,0.6007147371785204,1.0,20.0,1817033.0,74583.0,0.0,0.6000000000000001,60008.0,524
1061,854,0.9766355140186915,0.9,18,0,92862.0,2021,10,0.0,0.125,0.509540832224495,0.9473684210526316,18.0,1606639.0,92567.0,0.0,0.4,2105047.0,541
1065,854,0.9766355140186915,0.9,15,0,86707.0,2021,14,0.07142857142857142,0.125,0.4709254876624291,0.894736842105263,19.0,1740232.0,86819.0,0.0,0.2,24714.0,541
1071,854,0.9766355140186915,0.9,18,0,73793.0,2021,19,0.12857142857142856,0.125,0.5165628882203225,0.9473684210526316,19.0,1811239.0,74387.0,0.0,1.0,127846.0,541
1077,854,0.9766355140186915,0.5,17,0,78999.0,2022,4,0.17142857142857143,0.16666666666666663,0.45906267645398074,0.5789473684210527,10.0,1873340.0,80567.0,0.0,0.4,62304.0,541
1084,854,0.9766355140186915,0.45,6,8,69625.0,2022,11,0.8714285714285714,0.16666666666666663,0.3352961976443919,0.3157894736842105,9.0,1627222.0,69457.0,0.0,0.4,45000.0,541
1095,854,0.9766355140186915,0.6000000000000001,13,0,75251.0,2022,21,0.12857142857142856,0.16666666666666663,0.9904979601334744,1.0,12.0,1852466.0,75771.0,0.0,0.4,49643.0,541
1077,855,0.23364485981308408,0.0,15,0,81286.0,2022,4,0.17142857142857143,0.16666666666666663,0.2636928289102202,0.6842105263157894,20.0,0.0,0.0,0.0,0.2,32203.0,857
1084,855,0.23364485981308408,0.65,14,0,69380.0,2022,11,0.8714285714285714,0.16666666666666663,0.5039644674533356,0.894736842105263,14.0,1640812.0,70165.0,0.0,0.4,51564.0,857
1095,855,0.23364485981308408,0.65,12,0,75802.0,2022,21,0.12857142857142856,0.16666666666666663,0.636292237984361,0.8421052631578947,13.0,1853070.0,75765.0,0.0,0.4,49443.0,857
1101,855,0.23364485981308408,0.75,19,0,107553.0,2023,4,0.9142857142857144,0.20833333333333337,0.30161270417978014,0.7894736842105263,12.0,2032269.0,105766.0,0.0,0.2,22247.0,857
1107,855,0.23364485981308408,0.8500000000000001,12,0,69786.0,2023,9,0.8714285714285714,0.20833333333333337,0.23983083102460692,0.8421052631578947,19.0,1897555.0,71305.0,0.0,0.6000000000000001,63751.0,857
1110,855,0.23364485981308408,0.8500000000000001,13,0,110188.0,2023,12,0.05714285714285716,0.20833333333333337,0.47613989450587635,0.8421052631578947,15.0,1534775.0,124760.0,0.0,0.4,48494.0,857
1115,855,0.23364485981308408,0.9500000000000001,9,2,86323.0,2023,17,0.9857142857142858,0.20833333333333337,0.6346184119012034,1.0,15.0,2128165.0,89553.0,0.0,0.6000000000000001,86653.0,857
1116,855,0.23364485981308408,0.6000000000000001,13,0,101879.0,2023,18,0.8571428571428571,0.20833333333333337,0.2248224042112093,0.5789473684210527,17.0,1958821.0,101595.0,0.0,0.4,50353.0,857
1118,855,0.23364485981308408,1.0,17,0,76232.0,2023,20,0.12857142857142856,0.20833333333333337,0.29570921716525056,1.0,17.0,1865932.0,75837.0,0.0,0.6000000000000001,1465154.0,857
1125,855,0.06542056074766354,0.8,14,0,98633.0,2024,5,0.1142857142857143,0.2499999999999999,0.17915857694827214,0.7894736842105263,9.0,1956611.0,101502.0,0.0,0.6000000000000001,72224.0,857
1126,855,0.06542056074766354,0.9500000000000001,14,0,91991.0,2024,6,1.0,0.2499999999999999,0.28794288969205556,1.0,11.0,1926461.0,92131.0,0.0,0.2,23017.0,857
1131,855,0.06542056074766354,1.0,17,0,70470.0,2024,11,0.8714285714285714,0.2499999999999999,0.2720141350845611,1.0,20.0,1654532.0,70613.0,0.0,0.4,44792.0,857
1139,855,0.06542056074766354,0.9,19,0,99272.0,2024,19,0.8571428571428571,0.2499999999999999,0.2826020991566037,1.0,19.0,1918988.0,99705.0,0.0,0.4,49323.0,857
1141,855,0.06542056074766354,0.9500000000000001,15,0,83058.0,2024,21,0.12857142857142856,0.2499999999999999,0.9401390787624423,1.0,17.0,1840184.0,73559.0,0.0,0.8,1404011.0,857
1143,855,0.06542056074766354,0.6000000000000001,8,4,83889.0,2024,23,0.9857142857142858,0.2499999999999999,0.23604109462021214,0.5789473684210527,19.0,1694446.0,85051.0,0.0,0.6000000000000001,87131.0,857
1101,856,0.9906542056074766,0.9,20,0,108781.0,2023,4,0.9142857142857144,0.3749999999999999,0.43307201523364014,1.0,14.0,2039293.0,105768.0,0.0,0.0,0.0,202
1107,856,0.9906542056074766,0.0,17,0,69852.0,2023,9,0.8714285714285714,0.3749999999999999,0.29312657125229735,1.0,17.0,1892347.0,71701.0,0.0,0.6000000000000001,59440.0,202
1101,857,0.0,0.5,11,0,105631.0,2023,4,0.9142857142857144,0.125,0.26053362502346633,0.47368421052631576,10.0,2020518.0,104776.0,0.0,0.2,20902.0,619
1107,857,0.0,0.65,16,0,69862.0,2023,9,0.8714285714285714,0.125,0.19370951736602868,0.631578947368421,11.0,1876537.0,70274.0,0.0,0.8,92016.0,619
1110,857,0.0,0.25,20,0,0.0,2023,12,0.05714285714285716,0.125,0.10756398880622482,0.2631578947368421,2.0,1505110.0,120360.0,7.0,0.0,0.0,619
1115,857,0.0,0.30000000000000004,2,18,84921.0,2023,17,0.9857142857142858,0.125,0.06777986337419038,0.2631578947368421,1.0,2101297.0,85926.0,8.0,0.6000000000000001,84232.0,619
1116,857,0.0,0.5,17,0,102705.0,2023,18,0.8571428571428571,0.125,0.22762975993497056,0.47368421052631576,10.0,1933252.0,101037.0,0.0,0.0,0.0,619
1118,857,0.0,0.5,14,0,74310.0,2023,20,0.12857142857142856,0.125,0.05661171109366829,0.47368421052631576,10.0,1845428.0,75463.0,0.0,0.8,1669370.0,619
1125,857,0.0,0.25,8,4,99739.0,2024,5,0.1142857142857143,0.16666666666666663,0.06386780200515076,0.21052631578947367,7.0,1949373.0,101107.0,2.0,0.4,44935.0,619
1126,857,0.0,0.30000000000000004,13,0,90634.0,2024,6,1.0,0.16666666666666663,0.08701710234746701,0.2631578947368421,6.0,1907133.0,91393.0,3.0,0.4,52625.0,619
1131,857,0.0,0.35000000000000003,2,18,68697.0,2024,11,0.8714285714285714,0.16666666666666663,0.01636175248628939,0.3157894736842105,2.0,1606005.0,68980.0,7.0,0.4,41753.0,619
1139,857,0.0,0.25,5,10,97883.0,2024,19,0.8571428571428571,0.16666666666666663,0.19557404154830954,0.21052631578947367,10.0,1903205.0,97567.0,0.0,0.2,24107.0,619
1141,857,0.0,0.4,8,4,81532.0,2024,21,0.12857142857142856,0.16666666666666663,0.4000805702726031,0.3684210526315789,2.0,1786638.0,71783.0,7.0,0.4,1446320.0,619
1143,857,0.0,0.2,3,15,83218.0,2024,23,0.9857142857142858,0.16666666666666663,0.15882115415281095,0.15789473684210525,1.0,1623010.0,84494.0,8.0,0.6000000000000001,80011.0,619
1101,858,0.009345794392523362,0.7000000000000001,16,0,106501.0,2023,4,0.9142857142857144,0.16666666666666663,0.21374301614488425,0.736842105263158,20.0,0.0,0.0,0.0,0.2,21015.0,707
1107,858,0.009345794392523362,0.9,13,0,69611.0,2023,9,0.8714285714285714,0.16666666666666663,0.28424394788101565,0.894736842105263,18.0,1892789.0,71829.0,0.0,0.6000000000000001,62074.0,707
1110,858,0.009345794392523362,0.9,17,0,110486.0,2023,12,0.05714285714285716,0.16666666666666663,0.6083382933359044,0.894736842105263,16.0,1536004.0,123482.0,0.0,0.6000000000000001,70617.0,707
1115,858,0.009345794392523362,0.75,18,0,87983.0,2023,17,0.9857142857142858,0.16666666666666663,0.3148230719658341,0.7894736842105263,19.0,0.0,123562.0,0.0,0.4,58809.0,707
1116,858,0.009345794392523362,0.8,10,1,101238.0,2023,18,0.8571428571428571,0.16666666666666663,0.4061307947041201,1.0,19.0,1962298.0,101947.0,0.0,0.4,50537.0,707
1118,858,0.009345794392523362,0.9500000000000001,11,0,75738.0,2023,20,0.12857142857142856,0.16666666666666663,0.21980524698379586,0.9473684210526316,20.0,1868154.0,75496.0,0.0,0.8,1497183.0,707
1125,858,0.009345794392523362,1.0,17,0,101000.0,2024,5,0.1142857142857143,0.20833333333333337,0.3794498825011898,1.0,18.0,1971012.0,102516.0,0.0,0.4,45913.0,707
1126,858,0.009345794392523362,0.8500000000000001,20,0,93452.0,2024,6,1.0,0.20833333333333337,0.2024479524002294,0.8421052631578947,10.0,1925738.0,92192.0,0.0,0.2,22611.0,707
1131,858,0.009345794392523362,0.9500000000000001,19,0,70406.0,2024,11,0.8714285714285714,0.20833333333333337,0.20213581717436685,0.9473684210526316,16.0,1645465.0,70488.0,0.0,0.6000000000000001,76317.0,707
1115,859,0.9906542056074766,0.8500000000000001,17,0,87113.0,2023,17,0.9857142857142858,0.08333333333333337,0.426044855494911,0.894736842105263,20.0,0.0,0.0,0.0,0.6000000000000001,86166.0,462
1139,859,0.9999999999999999,0.9500000000000001,9,2,98091.0,2024,19,0.8571428571428571,0.125,0.07005280461326979,0.736842105263158,16.0,1910154.0,99237.0,0.0,0.2,23839.0,462
1141,859,0.9999999999999999,0.25,9,2,82123.0,2024,21,0.12857142857142856,0.125,0.5619222079959425,0.21052631578947367,9.0,1806818.0,72596.0,0.0,0.4,1450889.0,462
1143,859,0.9999999999999999,0.8500000000000001,14,0,86076.0,2024,23,0.9857142857142858,0.125,0.32038060406687724,0.8421052631578947,16.0,1657366.0,85762.0,0.0,0.8,129231.0,462
1141,860,0.9766355140186915,0.75,12,0,82494.0,2024,21,0.12857142857142856,0.0,0.68028775359795,0.8421052631578947,14.0,1821552.0,72974.0,0.0,0.4,1460492.0,61
1139,861,0.009345794392523362,0.75,10,1,97611.0,2024,19,0.8571428571428571,0.08333333333333337,0.24291347947809594,0.8421052631578947,12.0,1905606.0,99335.0,0.0,0.2,23971.0,170
1141,861,0.009345794392523362,0.8,17,0,84296.0,2024,21,0.12857142857142856,0.08333333333333337,0.6905913361238148,0.894736842105263,12.0,1819278.0,72701.0,0.0,0.4,50526.0,170
1143,861,0.009345794392523362,0.9500000000000001,19,0,0.0,2024,23,0.9857142857142858,0.08333333333333337,0.3704914164978504,0.9473684210526316,18.0,1658649.0,85599.0,0.0,0.0,0.0,170
