resultId,raceId,driverId,constructorId,number,grid,position,positionText,positionOrder,points,laps,time,milliseconds,fastestLap,rank,fastestLapTime,fastestLapSpeed,statusId,unified_main_points,year,round,circuitId,driver_form,team_form,driver_experience,q_rel_gap,qual_pos,dob,driverRef,age_at_race,sprint_target,circuit_avg_pos,driver_encoded
25146,1061,1,131,44,0.1,1,1,1,25.0,52,1:58:23.284,7103284,45,2,1:29.699,236.430,1,25,2021,10,9,0.43200000000000005,0.5380434782608696,0.6825,0.008975304040189896,0.0,1985-01-07,hamilton,0.7083333333333334,2.0,0.11578947368421053,345
25242,1065,1,131,44,0.2,\N,R,17,0.0,25,\N,\N,3,14,1:25.870,242.864,4,0,2021,14,14,0.7040000000000001,0.7391304347826088,0.6925,0.0,0.05263157894736842,1985-01-07,hamilton,0.7083333333333334,5.0,0.22556390977443608,345
25326,1071,1,131,44,0.5,1,1,1,25.0,71,1:32:22.851,5542851,46,2,1:11.982,215.503,1,25,2021,19,18,0.568,0.7010869565217392,0.705,0.0,0.0,1985-01-07,hamilton,0.7083333333333334,5.0,0.29959514170040485,345
25478,1077,1,131,44,0.7000000000000001,13,13,13,0.0,62,\N,\N,50,13,1:21.419,217.054,11,0,2022,4,21,0.568,0.7119565217391305,0.7225,0.4726143421795595,0.631578947368421,1985-01-07,hamilton,0.7499999999999999,14.0,0.02631578947368421,345
25608,1084,1,131,44,0.4,3,3,3,15.0,71,+41.217,5105529,63,5,1:09.000,225.286,1,15,2022,11,70,0.44799999999999995,0.5869565217391305,0.74,0.2244376170844814,0.42105263157894735,1985-01-07,hamilton,0.7499999999999999,8.0,0.16315789473684209,345
25807,1095,1,131,44,0.1,2,2,2,18.0,71,+1.529,5915573,63,2,1:13.942,209.791,1,18,2022,21,18,0.46399999999999997,0.5380434782608696,0.765,0.09037723322876863,0.3684210526315789,1985-01-07,hamilton,0.7499999999999999,3.0,0.2781954887218045,345
25911,1101,1,131,44,0.25,6,6,6,8.0,51,+46.145,5608581,48,7,1:45.346,205.141,1,8,2023,4,73,0.44799999999999995,0.5923913043478262,0.7775,0.18540504175363035,0.21052631578947367,1985-01-07,hamilton,0.7916666666666666,7.0,0.22807017543859648,345
26013,1107,1,131,44,0.25,8,8,8,4.0,71,+49.196,5182803,48,9,1:09.160,224.765,1,4,2023,9,70,0.488,0.5543478260869565,0.79,0.19029312376168955,0.21052631578947367,1985-01-07,hamilton,0.7916666666666666,10.0,0.15789473684210525,345
26069,1110,1,131,44,0.15000000000000002,4,4,4,13.0,44,+49.671,5000121,44,1,1:47.305,234.978,1,12,2023,12,13,0.512,0.5597826086956522,0.7975,0.04945686897908589,0.15789473684210525,1985-01-07,hamilton,0.7916666666666666,7.0,0.3651315789473684,345
26184,1115,1,131,44,0.15000000000000002,\N,R,19,0.0,0,\N,\N,\N,0,\N,\N,4,0,2023,17,78,0.424,0.41847826086956524,0.81,0.2797554978649016,0.10526315789473684,1985-01-07,hamilton,0.7916666666666666,5.0,0.0,345
26204,1116,1,131,44,0.15000000000000002,\N,D,19,0.0,56,\N,\N,42,4,1:39.582,199.301,2,0,2023,18,69,0.32799999999999996,0.37500000000000006,0.8125,0.0,0.10526315789473684,1985-01-07,hamilton,0.7916666666666666,2.0,0.04210526315789474,345
26233,1118,1,131,44,0.25,8,8,8,4.0,71,+1:02.859,7071753,59,12,1:14.739,207.554,1,4,2023,20,18,0.344,0.4293478260869566,0.8175,0.08349436719960016,0.21052631578947367,1985-01-07,hamilton,0.7916666666666666,7.0,0.2631578947368421,345
26373,1125,1,131,44,0.9,9,9,9,2.0,56,+57.986,6110540,34,14,1:40.835,194.610,1,2,2024,5,17,0.096,0.27717391304347827,0.835,0.19512552744955985,0.894736842105263,1985-01-07,hamilton,0.8333333333333334,2.0,0.14979757085020243,345
26390,1126,1,131,44,0.4,6,6,6,8.0,57,+16.585,5466461,54,7,1:31.233,213.554,1,8,2024,6,79,0.096,0.23913043478260873,0.8375,0.12126581609938553,0.3684210526315789,1985-01-07,hamilton,0.8333333333333334,16.0,0.2631578947368421,345
26488,1131,1,131,44,0.25,4,4,4,12.0,71,+23.142,5085940,61,7,1:09.562,223.466,1,12,2024,11,70,0.392,0.5217391304347826,0.85,0.09476181648309273,0.21052631578947367,1985-01-07,hamilton,0.8333333333333334,6.0,0.17543859649122803,345
26664,1139,1,131,44,0.8500000000000001,\N,R,20,0.0,1,\N,\N,\N,0,\N,\N,20,0,2024,19,69,0.392,0.47826086956521746,0.87,0.26490958195052194,0.9473684210526316,1985-01-07,hamilton,0.8333333333333334,6.0,0.1244019138755981,345
26694,1141,1,131,44,0.7000000000000001,10,10,10,1.0,69,+50.753,7665183,69,9,1:22.041,189.081,1,1,2024,21,18,0.256,0.4510869565217392,0.875,0.6604345092188447,0.7894736842105263,1985-01-07,hamilton,0.8333333333333334,11.0,0.26973684210526316,345
26736,1143,1,131,44,0.30000000000000004,12,12,12,0.0,57,+56.122,5521445,52,9,1:23.865,232.616,1,0,2024,23,78,0.312,0.5760869565217391,0.88,0.10843651214571229,0.2631578947368421,1985-01-07,hamilton,0.8333333333333334,6.0,0.47368421052631576,345
25152,1061,4,214,14,0.35000000000000003,7,7,7,6.0,52,+1:12.093,7175377,48,10,1:31.698,231.276,1,6,2021,10,9,0.12,0.0923913043478261,0.8025,0.212586487123355,0.5263157894736843,1981-07-29,alonso,0.8749999999999999,7.0,0.3931888544891641,20
25233,1065,4,214,14,0.5,8,8,8,4.0,53,+17.201,4931566,52,7,1:25.472,243.995,1,4,2021,14,14,0.21600000000000003,0.3369565217391305,0.8125,0.2607352846647115,0.631578947368421,1981-07-29,alonso,0.8749999999999999,11.0,0.458204334365325,20
25334,1071,4,214,14,0.6000000000000001,9,9,9,2.0,70,\N,\N,37,12,1:13.922,209.848,11,2,2021,19,18,0.11199999999999999,0.08695652173913045,0.8250000000000001,0.212968910055747,0.47368421052631576,1981-07-29,alonso,0.8749999999999999,12.0,0.33126934984520123,20
25484,1077,4,214,14,0.45,\N,R,19,0.0,6,\N,\N,5,19,1:39.685,177.282,130,0,2022,4,21,0.048,0.2173913043478261,0.8425,0.3958215697346132,0.21052631578947367,1981-07-29,alonso,0.9166666666666666,9.0,0.34210526315789475,20
25615,1084,4,214,14,0.9500000000000001,10,10,10,1.0,70,\N,\N,62,3,1:08.558,226.739,11,1,2022,11,70,0.20800000000000002,0.22282608695652173,0.86,0.2030140263627809,0.3684210526315789,1981-07-29,alonso,0.9166666666666666,20.0,0.6491228070175439,20
25810,1095,4,214,14,0.8500000000000001,5,5,5,10.0,71,+9.561,5923605,62,4,1:14.164,209.163,1,10,2022,21,18,0.096,0.15217391304347827,0.885,0.13267499558162668,0.3157894736842105,1981-07-29,alonso,0.9166666666666666,18.0,0.3362573099415205,20
25909,1101,4,117,14,0.30000000000000004,4,4,4,12.0,51,+22.024,5584460,49,3,1:44.241,207.315,1,12,2023,4,73,0.44,0.3858695652173913,0.8975,0.09907307325934511,0.2631578947368421,1981-07-29,alonso,0.9583333333333334,6.0,0.45263157894736833,20
26010,1107,4,117,14,0.35000000000000003,5,5,5,10.0,71,+30.317,5163924,54,8,1:09.108,224.934,1,10,2023,9,70,0.552,0.4619565217391305,0.91,0.18414361527387912,0.3157894736842105,1981-07-29,alonso,0.9583333333333334,5.0,0.631578947368421,20
26070,1110,4,117,14,0.45,5,5,5,10.0,44,+56.184,5006634,42,13,1:50.938,227.283,1,10,2023,12,13,0.336,0.2989130434782609,0.9175,0.10041812941000708,0.42105263157894735,1981-07-29,alonso,0.9583333333333334,20.0,0.5386996904024768,20
26171,1115,4,117,14,0.2,6,6,6,8.0,57,+49.032,5308200,57,6,1:26.045,226.723,1,8,2023,17,78,0.272,0.19565217391304351,0.93,0.05652683586418966,0.15789473684210525,1981-07-29,alonso,0.9583333333333334,8.0,0.10526315789473684,20
26201,1116,4,117,14,0.0,\N,R,16,0.0,49,\N,\N,47,7,1:39.954,198.559,140,0,2023,18,69,0.256,0.1739130434782609,0.9325,0.27535480723891087,0.8421052631578947,1981-07-29,alonso,0.9583333333333334,13.0,0.47368421052631576,20
26228,1118,4,117,14,0.2,3,3,3,15.0,71,+34.155,7043049,54,10,1:14.442,208.382,1,15,2023,20,18,0.096,0.09782608695652176,0.9375,0.06862983970573194,0.15789473684210525,1981-07-29,alonso,0.9583333333333334,11.0,0.3296398891966759,20
26371,1125,4,117,14,0.15000000000000002,7,7,7,7.0,56,+43.414,6095968,45,1,1:37.810,200.629,1,6,2024,5,17,0.24,0.2173913043478261,0.955,0.0878182277570823,0.10526315789473684,1981-07-29,alonso,0.9999999999999999,20.0,0.2736842105263158,20
26393,1126,4,117,14,0.75,9,9,9,2.0,57,+37.107,5486983,55,11,1:31.727,212.404,1,2,2024,6,79,0.24,0.21195652173913046,0.9575,0.19382235041826473,0.736842105263158,1981-07-29,alonso,0.9999999999999999,17.0,0.3157894736842105,20
26502,1131,4,117,14,0.75,18,18,18,0.0,70,\N,\N,70,1,1:07.694,229.633,11,0,2024,11,70,0.08,0.09782608695652176,0.97,0.1339618484814944,0.736842105263158,1981-07-29,alonso,0.9999999999999999,15.0,0.5933014354066986,20
26657,1139,4,117,14,0.35000000000000003,13,13,13,0.0,55,\N,\N,52,17,1:39.261,199.945,11,0,2024,19,69,0.136,0.0923913043478261,0.99,0.2216346412167273,0.3684210526315789,1981-07-29,alonso,0.9999999999999999,18.0,0.5052631578947369,20
26698,1141,4,117,14,0.45,14,14,14,0.0,69,+1:18.049,7692479,59,12,1:22.293,188.502,1,0,2024,21,18,0.096,0.06521739130434782,0.995,0.4234521111239549,0.42105263157894735,1981-07-29,alonso,0.9999999999999999,18.0,0.31842105263157894,20
26731,1143,4,117,14,0.4,7,7,7,6.0,57,+19.867,5485190,57,7,1:23.667,233.167,1,6,2024,23,78,0.032,0.02173913043478261,1.0000000000000002,0.10049545443807176,0.3684210526315789,1981-07-29,alonso,0.9999999999999999,11.0,0.18421052631578946,20
25160,1061,8,51,7,0.65,15,15,15,0.0,51,\N,\N,48,11,1:31.895,230.780,11,0,2021,10,9,0.008,0.010869565217391306,0.8475,0.33618924561968444,0.8421052631578947,1979-10-17,raikkonen,0.9583333333333334,13.0,0.31855955678670356,651
25337,1071,8,51,7,0.0,12,12,12,0.0,70,\N,\N,54,5,1:12.621,213.607,11,0,2021,19,18,0.064,0.04347826086956522,0.865,0.27996672826477376,0.6842105263157894,1979-10-17,raikkonen,0.9583333333333334,18.0,0.2631578947368421,651
25239,1065,9,51,88,0.8500000000000001,14,14,14,0.0,53,+29.769,4944134,53,12,1:25.849,242.924,1,0,2021,14,14,0.0,0.005434782608695653,0.24,0.5488146299033705,0.9473684210526316,1984-12-07,kubica,0.7499999999999999,18.0,0.4298245614035087,441
25164,1061,20,117,5,0.4,\N,R,19,0.0,40,\N,\N,35,19,1:33.059,227.894,31,0,2021,10,9,0.24,0.21195652173913046,0.6625,0.19027644565202584,0.47368421052631576,1987-07-03,vettel,0.6249999999999999,8.0,0.3834586466165414,812
25237,1065,20,117,5,0.55,12,12,12,0.0,53,+24.621,4938986,50,15,1:25.938,242.672,1,0,2021,14,14,0.08,0.07608695652173914,0.6725,0.23504843988312443,0.5263157894736843,1987-07-03,vettel,0.6249999999999999,12.0,0.3458646616541353,812
25336,1071,20,117,5,0.45,11,11,11,0.0,70,\N,\N,69,9,1:13.634,210.668,11,0,2021,19,18,0.055999999999999994,0.08152173913043478,0.685,0.23238856750763884,0.5789473684210527,1987-07-03,vettel,0.6249999999999999,10.0,0.24291497975708498,812
25473,1077,20,117,5,0.65,8,8,8,4.0,63,+1:10.892,5598878,47,9,1:21.211,217.610,1,4,2022,4,21,0.008,0.0,0.6975,0.4426877470355731,0.42105263157894735,1987-07-03,vettel,0.6666666666666666,13.0,0.6578947368421053,812
25622,1084,20,117,5,0.9,17,17,17,0.0,70,\N,\N,62,15,1:10.001,222.065,11,0,2022,11,70,0.08800000000000001,0.06521739130434782,0.715,0.5658548406493591,1.0,1987-07-03,vettel,0.6666666666666666,19.0,0.5473684210526315,812
25816,1095,20,117,5,0.45,11,11,11,0.0,71,+26.183,5940227,64,15,1:15.549,205.328,1,0,2022,21,18,0.128,0.13043478260869565,0.74,0.14941152025362087,0.631578947368421,1987-07-03,vettel,0.6666666666666666,9.0,0.2631578947368421,812
25922,1101,807,210,27,0.0,17,17,17,0.0,50,\N,\N,34,18,1:46.731,202.479,11,0,2023,4,73,0.048,0.03804347826086957,0.4625,0.3264358910496382,0.8421052631578947,1987-08-19,hulkenberg,0.7083333333333334,15.0,0.7105263157894737,381
26025,1107,807,210,27,0.4,\N,R,20,0.0,12,\N,\N,7,20,1:11.066,218.737,75,0,2023,9,70,0.0,0.005434782608695653,0.475,0.21318296091076172,0.3684210526315789,1987-08-19,hulkenberg,0.7083333333333334,6.0,0.6491228070175439,381
26083,1110,807,210,27,0.0,18,18,18,0.0,44,+1:50.450,5060900,26,4,1:49.907,229.415,1,0,2023,12,13,0.0,0.0,0.4825,0.9150461005788286,1.0,1987-08-19,hulkenberg,0.7083333333333334,17.0,0.5263157894736843,381
26181,1115,807,210,27,0.7000000000000001,16,16,16,0.0,56,\N,\N,45,12,1:26.489,225.559,11,0,2023,17,78,0.0,0.005434782608695653,0.495,0.23474338782489876,0.736842105263158,1987-08-19,hulkenberg,0.7083333333333334,16.0,0.47368421052631576,381
26196,1116,807,210,27,0.0,11,11,11,0.0,56,+1:29.904,5811266,45,12,1:40.925,196.648,1,0,2023,18,69,0.0,0.005434782608695653,0.49750000000000005,0.26763457899856763,0.7894736842105263,1987-08-19,hulkenberg,0.7083333333333334,15.0,0.611842105263158,381
26237,1118,807,210,27,0.55,12,12,12,0.0,70,\N,\N,66,14,1:15.036,206.732,11,0,2023,20,18,0.0,0.005434782608695653,0.5025000000000001,0.04269598322706826,0.5263157894736843,1987-08-19,hulkenberg,0.7083333333333334,18.0,0.4502923976608187,381
26374,1125,807,210,27,0.45,10,10,10,1.0,56,+1:00.476,6113030,32,13,1:40.815,194.649,1,1,2024,5,17,0.024,0.02173913043478261,0.52,0.07654743916793803,0.42105263157894735,1987-08-19,hulkenberg,0.7499999999999999,19.0,0.6432748538011694,381
26395,1126,807,210,27,0.45,11,11,11,0.0,57,+40.789,5490665,56,14,1:31.941,211.909,1,0,2024,6,79,0.032,0.027173913043478264,0.5225,0.17606375810245511,0.42105263157894735,1987-08-19,hulkenberg,0.7499999999999999,7.0,0.736842105263158,381
26490,1131,807,210,27,0.45,6,6,6,8.0,71,+54.088,5116886,51,14,1:10.215,221.388,1,8,2024,11,70,0.0,0.0,0.535,0.11350965787363267,0.42105263157894735,1987-08-19,hulkenberg,0.7499999999999999,19.0,0.6992481203007519,381
26652,1139,807,210,27,0.55,8,8,8,4.0,56,+1:02.957,5772596,51,12,1:38.404,201.686,1,4,2024,19,69,0.016,0.02173913043478261,0.555,0.13269387904561344,0.5789473684210527,1987-08-19,hulkenberg,0.7499999999999999,8.0,0.6023391812865497,381
26704,1141,807,210,27,0.8500000000000001,\N,D,20,0.0,0,\N,\N,21,16,1:23.764,185.191,2,0,2024,21,18,0.064,0.08695652173913045,0.56,0.7793026686026018,0.9473684210526316,1987-08-19,hulkenberg,0.7499999999999999,20.0,0.46315789473684216,381
26740,1143,807,210,27,0.9,\N,R,16,0.0,39,\N,\N,33,15,1:25.767,227.458,20,0,2024,23,78,0.096,0.09782608695652176,0.5650000000000001,0.32886932092676885,0.894736842105263,1987-08-19,hulkenberg,0.7499999999999999,7.0,0.7894736842105263,381
25161,1061,815,9,11,0.0,16,16,16,0.0,51,\N,\N,50,1,1:28.617,239.317,11,0,2021,10,9,0.5760000000000001,0.9347826086956522,0.5,0.09488178556772177,0.21052631578947367,1990-01-26,perez,0.4999999999999999,20.0,0.5964912280701755,609
25230,1065,815,9,11,0.4,5,5,5,10.0,53,+8.723,4923088,53,4,1:25.156,244.901,1,10,2021,14,14,0.096,0.48369565217391314,0.51,0.21129501352595795,0.42105263157894735,1990-01-26,perez,0.4999999999999999,9.0,0.3947368421052631,609
25329,1071,815,9,11,0.2,4,4,4,13.0,71,+39.940,5582791,71,1,1:11.010,218.453,1,12,2021,19,18,0.456,0.7771739130434784,0.5225,0.14208716035634184,0.15789473684210525,1990-01-26,perez,0.4999999999999999,4.0,0.5438596491228069,609
25467,1077,815,9,11,0.15000000000000002,2,2,2,18.0,63,+16.527,5544513,52,3,1:18.949,223.845,1,18,2022,4,21,0.24,0.5326086956521741,0.54,0.2758328627893845,0.3157894736842105,1990-01-26,perez,0.5416666666666666,3.0,0.3947368421052631,609
25625,1084,815,9,11,0.25,\N,R,20,0.0,24,\N,\N,5,20,1:11.843,216.371,130,0,2022,11,70,0.632,0.9510869565217392,0.5575,0.24620126480176444,0.631578947368421,1990-01-26,perez,0.5416666666666666,5.0,0.3631578947368421,609
25812,1095,815,9,11,0.2,7,7,7,6.0,71,+14.080,5928124,62,7,1:14.283,208.828,1,6,2022,21,18,0.624,1.0,0.5825,0.1542803274309283,0.42105263157894735,1990-01-26,perez,0.5416666666666666,5.0,0.5052631578947369,609
25906,1101,815,9,11,0.15000000000000002,1,1,1,25.0,51,1:32:42.436,5562436,50,5,1:44.589,206.625,1,25,2023,4,73,0.5920000000000001,0.9510869565217392,0.595,0.10698134518248575,0.10526315789473684,1990-01-26,perez,0.5833333333333334,1.0,0.21052631578947367,609
26008,1107,815,9,11,0.75,3,3,3,15.0,71,+17.188,5150795,52,2,1:08.111,228.227,1,15,2023,9,70,0.504,0.9836956521739132,0.6075,0.020840000986468692,0.736842105263158,1990-01-26,perez,0.5833333333333334,2.0,0.42105263157894735,609
26067,1110,815,9,11,0.1,2,2,2,18.0,44,+22.305,4972755,31,6,1:50.308,228.581,1,18,2023,12,13,0.46399999999999997,0.9945652173913044,0.615,0.11264130995616901,0.10526315789473684,1990-01-26,perez,0.5833333333333334,19.0,0.513157894736842,609
26175,1115,815,9,11,0.0,10,10,10,1.0,57,+1:20.181,5339349,50,7,1:26.220,226.263,1,1,2023,17,78,0.41600000000000004,0.8804347826086957,0.6275000000000001,0.25751114115908624,0.631578947368421,1990-01-26,perez,0.5833333333333334,18.0,0.15789473684210525,609
26189,1116,815,9,11,0.45,4,4,4,12.0,56,+18.460,5739822,40,5,1:39.737,198.991,1,12,2023,18,69,0.28,0.7880434782608696,0.63,0.21008378666146302,0.42105263157894735,1990-01-26,perez,0.5833333333333334,5.0,0.37368421052631573,609
26229,1118,815,9,11,0.45,4,4,4,12.0,71,+34.208,7043102,55,5,1:14.124,209.276,1,12,2023,20,18,0.136,0.6902173913043479,0.635,0.10373542591465473,0.42105263157894735,1990-01-26,perez,0.5833333333333334,3.0,0.48803827751196177,609
26367,1125,815,9,11,0.1,3,3,3,15.0,56,+19.160,6071714,33,7,1:39.388,197.444,1,15,2024,5,17,0.608,0.9565217391304349,0.6525,0.1678877883591279,0.05263157894736842,1990-01-26,perez,0.6249999999999999,3.0,0.5263157894736843,609
26388,1126,815,9,11,0.2,4,4,4,12.0,57,+14.650,5464526,55,3,1:30.855,214.442,1,12,2024,6,79,0.632,0.9728260869565217,0.655,0.02105661660303138,0.15789473684210525,1990-01-26,perez,0.6249999999999999,3.0,0.10526315789473684,609
26491,1131,815,9,11,0.4,7,7,7,6.0,71,+54.672,5117470,56,11,1:09.694,223.043,1,6,2024,11,70,0.16,0.657608695652174,0.6675,0.11044182928245341,0.3684210526315789,1990-01-26,perez,0.6249999999999999,8.0,0.3947368421052631,609
26651,1139,815,9,11,0.45,7,7,7,6.0,56,+59.072,5768711,45,13,1:38.514,201.461,1,6,2024,19,69,0.152,0.4619565217391305,0.6875,0.135084759749138,0.47368421052631576,1990-01-26,perez,0.6249999999999999,9.0,0.35406698564593303,609
26695,1141,815,9,11,0.6000000000000001,11,11,11,0.0,69,+51.531,7665961,67,11,1:22.143,188.846,1,0,2024,21,18,0.08800000000000001,0.3804347826086957,0.6925,0.3802273258934977,0.631578947368421,1990-01-26,perez,0.6249999999999999,8.0,0.4605263157894736,609
26741,1143,815,9,11,0.45,\N,R,17,0.0,38,\N,\N,31,12,1:25.288,228.735,20,0,2024,23,78,0.064,0.45652173913043487,0.6975,0.11884203603848266,0.42105263157894735,1990-01-26,perez,0.6249999999999999,20.0,0.3157894736842105,609
25150,1061,817,1,3,0.30000000000000004,5,5,5,10.0,52,+42.624,7145908,51,8,1:31.284,232.325,1,10,2021,10,9,0.128,0.41304347826086957,0.4875,0.14668211174253204,0.3157894736842105,1989-07-01,ricciardo,0.5416666666666666,6.0,0.41148325358851673,672
25226,1065,817,1,3,0.1,1,1,1,26.0,53,1:21:54.365,4914365,53,1,1:24.812,245.894,1,25,2021,14,14,0.22399999999999998,0.30434782608695654,0.49750000000000005,0.20687577141299673,0.21052631578947367,1989-07-01,ricciardo,0.5416666666666666,3.0,0.3894736842105263,672
25344,1071,817,1,3,0.55,\N,R,19,0.0,49,\N,\N,40,17,1:14.443,208.379,75,0,2021,19,18,0.376,0.44565217391304346,0.51,0.207466673777711,0.42105263157894735,1989-07-01,ricciardo,0.5416666666666666,11.0,0.5087719298245614,672
25483,1077,817,1,3,0.30000000000000004,18,18,18,0.0,62,\N,\N,61,14,1:21.577,216.634,11,0,2022,4,21,0.14400000000000002,0.22282608695652173,0.5275,0.3342744212309429,0.2631578947368421,1989-07-01,ricciardo,0.5833333333333334,6.0,0.18421052631578946,672
25614,1084,817,1,3,0.55,9,9,9,2.0,70,\N,\N,61,13,1:09.924,222.309,11,2,2022,11,70,0.032,0.14130434782608697,0.545,0.4060280527255618,0.7894736842105263,1989-07-01,ricciardo,0.5833333333333334,12.0,0.48947368421052634,672
25825,1095,817,1,3,0.55,\N,R,20,0.0,0,\N,\N,\N,0,\N,\N,4,0,2022,21,18,0.128,0.24456521739130438,0.5700000000000001,0.5553483186616254,0.6842105263157894,1989-07-01,ricciardo,0.5833333333333334,11.0,0.5526315789473684,672
26081,1110,817,213,3,0.9500000000000001,16,16,16,0.0,44,+1:43.071,5053521,25,15,1:50.994,227.169,1,0,2023,12,13,0.064,0.0,0.5775,0.7256808265790587,0.9473684210526316,1989-07-01,ricciardo,0.6249999999999999,10.0,0.4605263157894736,672
26200,1116,817,213,3,0.7000000000000001,15,15,15,0.0,55,\N,\N,49,2,1:39.366,199.734,11,0,2023,18,69,0.064,0.010869565217391306,0.58,0.2624877601716721,0.736842105263158,1989-07-01,ricciardo,0.6249999999999999,12.0,0.47368421052631576,672
26238,1118,817,213,3,0.8500000000000001,13,13,13,0.0,70,\N,\N,68,3,1:13.866,210.007,11,0,2023,20,18,0.064,0.06521739130434782,0.585,0.15908207083863213,0.8421052631578947,1989-07-01,ricciardo,0.6249999999999999,9.0,0.5933014354066986,672
26382,1125,817,215,3,0.6000000000000001,\N,R,18,0.0,33,\N,\N,16,16,1:40.994,194.304,31,0,2024,5,17,0.0,0.04755434782608696,0.6025,0.1646004750206275,0.5789473684210527,1989-07-01,ricciardo,0.6666666666666666,11.0,0.29605263157894735,672
26399,1126,817,215,3,1.0,15,15,15,0.0,57,+50.956,5500832,57,19,1:32.122,211.493,1,0,2024,6,79,0.0,0.03804347826086957,0.605,0.2354281952724472,0.894736842105263,1989-07-01,ricciardo,0.6666666666666666,4.0,0.631578947368421,672
26493,1131,817,215,3,0.55,9,9,9,2.0,71,+1:01.169,5123967,49,18,1:10.426,220.725,1,2,2024,11,70,0.032,0.08152173913043478,0.6175,0.10430617210009488,0.5263157894736843,1989-07-01,ricciardo,0.6666666666666666,14.0,0.4832535885167463,672
25148,1061,822,131,77,0.15000000000000002,3,3,3,15.0,52,+11.125,7114409,45,4,1:30.524,234.275,1,15,2021,10,9,0.36,0.5380434782608696,0.41000000000000003,0.188737822102279,0.10526315789473684,1989-08-28,bottas,0.5416666666666666,3.0,0.26900584795321636,102
25228,1065,822,131,77,0.9500000000000001,3,3,3,15.0,53,+4.921,4919286,34,2,1:24.827,245.850,1,15,2021,14,14,0.384,0.7391304347826088,0.42,0.03922077375253075,0.0,1989-08-28,bottas,0.5416666666666666,1.0,0.21710526315789475,102
25328,1071,822,131,77,0.05,3,3,3,15.0,71,+13.576,5556427,49,4,1:12.526,213.887,1,15,2021,19,18,0.46399999999999997,0.7010869565217392,0.4325,0.09936391396217983,0.10526315789473684,1989-08-28,bottas,0.5416666666666666,1.0,0.5037593984962405,102
25470,1077,822,51,77,0.35000000000000003,5,5,5,10.0,63,+43.181,5571167,43,6,1:20.758,218.831,1,10,2022,4,21,0.28,0.08152173913043478,0.45,0.4582156973461321,0.3684210526315789,1989-08-28,bottas,0.5833333333333334,7.0,0.47368421052631576,102
25616,1084,822,51,77,0.0,11,11,11,0.0,70,\N,\N,61,7,1:09.266,224.421,11,0,2022,11,70,0.128,0.10869565217391305,0.4675,0.34787830648094614,0.5789473684210527,1989-08-28,bottas,0.5833333333333334,10.0,0.19999999999999996,102
25814,1095,822,51,77,0.7000000000000001,9,9,9,2.0,71,+22.552,5936596,62,14,1:15.511,205.432,1,2,2022,21,18,0.008,0.010869565217391306,0.4925,0.7242350676244759,0.894736842105263,1989-08-28,bottas,0.5833333333333334,14.0,0.4539473684210526,102
25923,1101,822,51,77,0.65,18,18,18,0.0,50,\N,\N,36,16,1:46.304,203.292,11,0,2023,4,73,0.048,0.04347826086956522,0.505,0.2884322509745458,0.6842105263157894,1989-08-28,bottas,0.6249999999999999,16.0,0.3508771929824561,102
26020,1107,822,51,77,0.7000000000000001,15,15,15,0.0,70,\N,\N,49,18,1:09.940,222.259,11,0,2023,9,70,0.008,0.016304347826086956,0.5175,0.22104066620074173,0.6842105263157894,1989-08-28,bottas,0.6249999999999999,20.0,0.2296650717703349,102
26077,1110,822,51,77,0.65,12,12,12,0.0,44,+1:25.191,5035641,26,10,1:50.515,228.153,1,0,2023,12,13,0.008,0.016304347826086956,0.525,0.22264993487162618,0.6842105263157894,1989-08-28,bottas,0.6249999999999999,13.0,0.3684210526315789,102
26173,1115,822,51,77,0.45,8,8,8,4.0,57,+1:06.563,5325731,54,13,1:26.652,225.135,1,4,2023,17,78,0.008,0.005434782608695653,0.5375,0.2698109619258312,0.42105263157894735,1989-08-28,bottas,0.6249999999999999,10.0,1.0,102
26197,1116,822,51,77,0.65,12,12,12,0.0,56,+1:38.601,5819963,54,18,1:41.972,194.629,1,0,2023,18,69,0.04,0.03804347826086957,0.54,0.23184079352061232,0.631578947368421,1989-08-28,bottas,0.6249999999999999,16.0,0.4385964912280702,102
26241,1118,822,51,77,0.9,\N,R,16,0.0,39,\N,\N,20,15,1:15.731,204.835,5,0,2023,20,18,0.032,0.03260869565217391,0.545,0.19450392358997765,0.894736842105263,1989-08-28,bottas,0.6249999999999999,19.0,0.4502923976608187,102
26384,1125,822,15,77,0.5,\N,R,20,0.0,19,\N,\N,11,19,1:41.276,193.763,31,0,2024,5,17,0.0,0.03260869565217391,0.5625,0.1002630568242624,0.47368421052631576,1989-08-28,bottas,0.6666666666666666,12.0,0.2932330827067669,102
26400,1126,822,15,77,0.8,16,16,16,0.0,57,+52.356,5502232,55,18,1:32.098,211.548,1,0,2024,6,79,0.0,0.0,0.5650000000000001,0.1963592921776661,0.7894736842105263,1989-08-28,bottas,0.6666666666666666,14.0,0.47368421052631576,102
26500,1131,822,15,77,0.9,16,16,16,0.0,70,\N,\N,48,19,1:10.449,220.653,11,0,2024,11,70,0.0,0.0,0.5775,0.19906798858318758,0.894736842105263,1989-08-28,bottas,0.6666666666666666,18.0,0.2719298245614035,102
26661,1139,822,15,77,0.8,17,17,17,0.0,55,\N,\N,53,19,1:40.575,197.333,11,0,2024,19,69,0.0,0.0,0.5975,0.264431405809817,0.894736842105263,1989-08-28,bottas,0.6666666666666666,20.0,0.45263157894736833,102
26697,1141,822,15,77,0.55,13,13,13,0.0,69,+1:03.588,7678018,67,14,1:22.877,187.173,1,0,2024,21,18,0.0,0.0,0.6025,0.5305088466365987,0.5263157894736843,1989-08-28,bottas,0.6666666666666666,16.0,0.48421052631578937,102
26735,1143,822,15,77,0.65,11,11,11,0.0,57,+50.243,5515566,53,13,1:25.533,228.080,1,0,2024,23,78,0.0,0.0,0.6075,0.18784708922211776,0.631578947368421,1989-08-28,bottas,0.6666666666666666,12.0,0.6842105263157894,102
25474,1077,825,210,20,0.4,9,9,9,2.0,63,+1:15.260,5603246,61,10,1:21.238,217.538,1,2,2022,4,21,0.096,0.06521739130434782,0.3025,0.38142292490118573,0.15789473684210525,1992-10-05,kevin_magnussen,0.45833333333333337,8.0,0.894736842105263,427
25613,1084,825,210,20,0.35000000000000003,8,8,8,4.0,70,\N,\N,61,14,1:09.938,222.265,11,4,2022,11,70,0.008,0.027173913043478264,0.32,0.32203397481667256,0.2631578947368421,1992-10-05,kevin_magnussen,0.45833333333333337,7.0,0.6390977443609023,427
25824,1095,825,210,20,0.4,\N,R,19,0.0,0,\N,\N,\N,0,\N,\N,4,0,2022,21,18,0.016,0.010869565217391306,0.34500000000000003,0.2580467803972923,0.0,1992-10-05,kevin_magnussen,0.45833333333333337,8.0,0.6105263157894736,427
25918,1101,825,210,20,0.8,13,13,13,0.0,51,+1:29.729,5652165,51,13,1:45.850,204.164,1,0,2023,4,73,0.008,0.03804347826086957,0.3575,0.4718602247473909,0.894736842105263,1992-10-05,kevin_magnussen,0.4999999999999999,11.0,0.6210526315789473,427
26023,1107,825,210,20,0.0,18,18,18,0.0,70,\N,\N,37,19,1:10.176,221.511,11,0,2023,9,70,0.008,0.005434782608695653,0.37,0.2921016531709956,0.9473684210526316,1992-10-05,kevin_magnussen,0.4999999999999999,14.0,0.6052631578947367,427
26080,1110,825,210,20,0.8,15,15,15,0.0,44,+1:41.754,5052204,27,14,1:50.993,227.171,1,0,2023,12,13,0.0,0.0,0.3775,0.32344416214459215,0.631578947368421,1992-10-05,kevin_magnussen,0.4999999999999999,14.0,0.6842105263157894,427
26179,1115,825,210,20,0.9,14,14,14,0.0,56,\N,\N,46,15,1:27.067,224.061,11,0,2023,17,78,0.008,0.005434782608695653,0.39,0.533602862625383,0.9473684210526316,1992-10-05,kevin_magnussen,0.4999999999999999,14.0,0.47368421052631576,427
26199,1116,825,210,20,0.0,14,14,14,0.0,55,\N,\N,41,16,1:41.506,195.523,11,0,2023,18,69,0.008,0.005434782608695653,0.3925,0.21476271286773171,0.6842105263157894,1992-10-05,kevin_magnussen,0.4999999999999999,18.0,0.6754385964912282,427
26243,1118,825,210,20,0.6000000000000001,\N,R,18,0.0,0,\N,\N,\N,0,\N,\N,4,0,2023,20,18,0.008,0.005434782608695653,0.3975,0.0828618341147547,0.6842105263157894,1992-10-05,kevin_magnussen,0.4999999999999999,16.0,0.6666666666666665,427
26380,1125,825,210,20,0.8500000000000001,16,16,16,0.0,56,+1:27.533,6140087,45,18,1:41.077,194.145,1,0,2024,5,17,0.008,0.02173913043478261,0.415,0.18174146599995106,0.8421052631578947,1992-10-05,kevin_magnussen,0.5416666666666666,10.0,0.5894736842105261,427
26403,1126,825,210,20,0.9,19,19,19,0.0,57,+1:24.683,5534559,33,12,1:31.774,212.295,1,0,2024,6,79,0.008,0.027173913043478264,0.4175,0.23593558362432748,0.9473684210526316,1992-10-05,kevin_magnussen,0.5416666666666666,18.0,0.631578947368421,427
26492,1131,825,210,20,0.6000000000000001,8,8,8,4.0,71,+1:00.355,5123153,45,12,1:10.125,221.672,1,4,2024,11,70,0.0,0.0,0.43,0.08351311164876878,0.5789473684210527,1992-10-05,kevin_magnussen,0.5416666666666666,9.0,0.6374269005847952,427
26655,1139,825,210,20,0.4,11,11,11,0.0,56,+1:19.782,5789421,56,10,1:38.210,202.085,1,0,2024,19,69,0.008,0.02173913043478261,0.4475,0.12384762044257253,0.42105263157894735,1992-10-05,kevin_magnussen,0.5416666666666666,7.0,0.6766917293233083,427
26733,1143,825,210,20,0.5,9,9,9,2.0,57,+32.177,5497500,55,11,1:24.259,231.528,1,2,2024,23,78,0.055999999999999994,0.09782608695652176,0.455,0.17798922448159848,0.47368421052631576,1992-10-05,kevin_magnussen,0.5416666666666666,10.0,0.6842105263157894,427
25165,1061,830,9,33,0.05,\N,R,20,0.0,0,\N,\N,\N,0,\N,\N,4,0,2021,10,9,0.8,0.9347826086956522,0.315,0.0,0.05263157894736842,1997-09-30,max_verstappen,0.20833333333333337,1.0,0.2857142857142857,521
25243,1065,830,9,33,0.05,\N,R,18,0.0,25,\N,\N,25,5,1:25.173,244.852,4,0,2021,14,14,0.616,0.48369565217391314,0.325,0.13589169497355727,0.10526315789473684,1997-09-30,max_verstappen,0.20833333333333337,2.0,0.46491228070175444,521
25327,1071,830,9,33,0.1,2,2,2,18.0,71,+10.496,5553347,47,3,1:12.486,214.005,1,18,2021,19,18,0.688,0.7771739130434784,0.3375,0.19290193068879213,0.05263157894736842,1997-09-30,max_verstappen,0.20833333333333337,2.0,0.15789473684210525,521
25466,1077,830,9,1,0.05,1,1,1,26.0,63,1:32:07.986,5527986,55,1,1:18.446,225.281,1,25,2022,4,21,0.544,0.5326086956521741,0.355,0.14088085827216262,0.0,1997-09-30,max_verstappen,0.2499999999999999,1.0,0.42105263157894735,521
25607,1084,830,9,1,0.05,2,2,2,19.0,71,+1.532,5065844,62,1,1:07.275,231.063,1,18,2022,11,70,0.768,0.9510869565217392,0.3725,0.1472446790872431,0.0,1997-09-30,max_verstappen,0.2499999999999999,1.0,0.2807017543859649,521
25811,1095,830,9,1,0.15000000000000002,6,6,6,8.0,71,+10.056,5924100,64,5,1:14.195,209.076,1,8,2022,21,18,0.848,1.0,0.3975,0.15793193281390883,0.05263157894736842,1997-09-30,max_verstappen,0.2499999999999999,4.0,0.14035087719298245,521
25907,1101,830,9,1,0.1,2,2,2,18.0,51,+2.137,5564573,51,2,1:44.232,207.333,1,18,2023,4,73,0.8079999999999999,0.9510869565217392,0.41000000000000003,0.028337974391253924,0.05263157894736842,1997-09-30,max_verstappen,0.29166666666666663,3.0,0.5175438596491229,521
26006,1107,830,9,1,0.05,1,1,1,26.0,71,1:25:33.607,5133607,71,1,1:07.012,231.970,1,25,2023,9,70,0.9440000000000001,0.9836956521739132,0.4225,0.0,0.0,1997-09-30,max_verstappen,0.29166666666666663,1.0,0.2578947368421053,521
26066,1110,830,9,1,0.30000000000000004,1,1,1,25.0,44,1:22:30.450,4950450,32,2,1:48.922,231.490,1,25,2023,12,13,1.0,0.9945652173913044,0.43,0.04043052026807402,0.0,1997-09-30,max_verstappen,0.29166666666666663,1.0,0.381578947368421,521
26166,1115,830,9,1,0.05,1,1,1,26.0,57,1:27:39.168,5259168,56,1,1:24.319,231.364,1,25,2023,17,78,0.88,0.8804347826086957,0.4425,0.0,0.0,1997-09-30,max_verstappen,0.29166666666666663,2.0,0.05263157894736842,521
26186,1116,830,9,1,0.30000000000000004,1,1,1,25.0,56,1:35:21.362,5721362,40,9,1:40.028,198.412,1,25,2023,18,69,0.88,0.7880434782608696,0.445,0.05965630912992548,0.2631578947368421,1997-09-30,max_verstappen,0.29166666666666663,1.0,0.21052631578947367,521
26226,1118,830,9,1,0.05,1,1,1,25.0,71,1:56:48.894,7008894,68,2,1:13.422,211.277,1,25,2023,20,18,0.88,0.6902173913043479,0.45,0.03036158807258188,0.0,1997-09-30,max_verstappen,0.29166666666666663,1.0,0.15789473684210525,521
26365,1125,830,9,1,0.05,1,1,1,25.0,56,1:40:52.554,6052554,33,2,1:38.406,199.414,1,25,2024,5,17,0.8,0.9565217391304349,0.4675,0.0,0.0,1997-09-30,max_verstappen,0.33333333333333337,1.0,0.3368421052631579,521
26386,1126,830,9,1,0.05,2,2,2,18.0,57,+7.612,5457488,48,8,1:31.261,213.488,1,18,2024,6,79,0.8,0.9728260869565217,0.47000000000000003,0.0,0.0,1997-09-30,max_verstappen,0.33333333333333337,1.0,0.0,521
26489,1131,830,9,1,0.05,5,5,5,10.0,71,+37.253,5100051,68,2,1:07.719,229.548,1,10,2024,11,70,0.8079999999999999,0.657608695652174,0.4825,0.024883498572898448,0.0,1997-09-30,max_verstappen,0.33333333333333337,1.0,0.23444976076555019,521
26647,1139,830,9,1,0.1,3,3,3,15.0,56,+19.412,5729051,42,9,1:38.117,202.276,1,15,2024,19,69,0.528,0.4619565217391305,0.5025000000000001,0.0,0.05263157894736842,1997-09-30,max_verstappen,0.33333333333333337,1.0,0.18421052631578946,521
26685,1141,830,9,1,0.8500000000000001,1,1,1,26.0,69,2:06:54.430,7614430,67,1,1:20.472,192.767,1,25,2024,21,18,0.47200000000000003,0.3804347826086957,0.5075,0.0,0.5789473684210527,1997-09-30,max_verstappen,0.33333333333333337,4.0,0.1381578947368421,521
26725,1143,830,9,1,0.1,1,1,1,25.0,57,1:31:05.323,5465323,55,2,1:22.905,235.310,1,25,2024,23,78,0.608,0.45652173913043487,0.5125,0.0925543967304312,0.0,1997-09-30,max_verstappen,0.33333333333333337,8.0,0.02631578947368421,521
25151,1061,832,6,55,0.5,6,6,6,8.0,52,+43.454,7146738,51,7,1:31.223,232.480,1,8,2021,10,9,0.32,0.3369565217391305,0.315,0.150272233358608,0.42105263157894735,1994-09-01,sainz,0.33333333333333337,11.0,0.6240601503759398,701
25231,1065,832,6,55,0.30000000000000004,6,6,6,8.0,53,+10.535,4924900,53,8,1:25.559,243.747,1,8,2021,14,14,0.32,0.41304347826086957,0.325,0.15881651343454353,0.3157894736842105,1994-09-01,sainz,0.33333333333333337,7.0,0.5614035087719298,701
25331,1071,832,6,55,0.15000000000000002,6,6,6,8.0,71,+51.820,5594671,63,6,1:12.710,213.346,1,8,2021,19,18,0.32799999999999996,0.47282608695652173,0.3375,0.10130587970736903,0.2631578947368421,1994-09-01,sainz,0.33333333333333337,3.0,0.48421052631578937,701
25485,1077,832,6,55,0.2,\N,R,20,0.0,0,\N,\N,\N,0,\N,\N,4,0,2022,4,21,0.41600000000000004,0.6902173913043479,0.355,0.14370412196499152,0.47368421052631576,1994-09-01,sainz,0.3749999999999999,4.0,0.2631578947368421,701
25623,1084,832,6,55,0.15000000000000002,\N,R,18,0.0,56,\N,\N,55,4,1:08.649,226.438,131,0,2022,11,70,0.584,0.5815217391304348,0.3725,0.08195373593539397,0.10526315789473684,1994-09-01,sainz,0.3749999999999999,3.0,0.4502923976608187,701
25808,1095,832,6,55,0.35000000000000003,3,3,3,15.0,71,+4.051,5918095,65,3,1:13.953,209.760,1,15,2022,21,18,0.29600000000000004,0.6032608695652174,0.3975,0.4789689060676156,0.21052631578947367,1994-09-01,sainz,0.3749999999999999,2.0,0.4473684210526316,701
25910,1101,832,6,55,0.2,5,5,5,10.0,51,+45.491,5607927,48,6,1:45.175,205.474,1,10,2023,4,73,0.376,0.4510869565217392,0.41000000000000003,0.20385767624095846,0.15789473684210525,1994-09-01,sainz,0.41666666666666663,5.0,0.5526315789473684,701
26011,1107,832,6,55,0.15000000000000002,6,6,6,8.0,71,+31.377,5164984,50,6,1:08.880,225.679,1,8,2023,9,70,0.35200000000000004,0.4619565217391305,0.4225,0.0761855773767626,0.10526315789473684,1994-09-01,sainz,0.41666666666666663,3.0,0.4947368421052632,701
26084,1110,832,6,55,0.2,\N,R,19,0.0,23,\N,\N,9,19,1:53.138,222.864,130,0,2023,12,13,0.264,0.3858695652173913,0.43,0.07296298541401264,0.21052631578947367,1994-09-01,sainz,0.41666666666666663,4.0,0.6710526315789473,701
26185,1115,832,6,55,0.6000000000000001,\N,W,20,0.0,0,\N,\N,\N,0,\N,\N,95,0,2023,17,78,0.46399999999999997,0.5923913043478262,0.4425,0.20962034966303666,0.5789473684210527,1994-09-01,sainz,0.41666666666666663,6.0,0.3157894736842105,701
26188,1116,832,6,55,0.2,3,3,3,15.0,56,+15.134,5736496,51,10,1:40.034,198.400,1,15,2023,18,69,0.46399999999999997,0.5652173913043479,0.445,0.17148264545974656,0.15789473684210525,1994-09-01,sainz,0.41666666666666663,6.0,0.41353383458646614,701
26231,1118,832,6,55,0.35000000000000003,6,6,6,8.0,71,+50.188,7059082,59,9,1:14.406,208.483,1,8,2023,20,18,0.48,0.5923913043478262,0.45,0.08981969804805472,0.3684210526315789,1994-09-01,sainz,0.41666666666666663,8.0,0.39849624060150374,701
26369,1125,832,6,55,0.35000000000000003,5,5,5,10.0,56,+33.983,6086537,19,10,1:39.764,196.700,1,10,2024,5,17,0.504,0.7391304347826088,0.465,0.05353624579843519,0.3157894736842105,1994-09-01,sainz,0.45833333333333337,5.0,0.4947368421052632,701
26389,1126,832,6,55,0.15000000000000002,5,5,5,10.0,57,+16.407,5466283,55,4,1:30.928,214.270,1,10,2024,6,79,0.52,0.7608695652173914,0.4675,0.06291615563315399,0.10526315789473684,1994-09-01,sainz,0.45833333333333337,5.0,0.15789473684210525,701
26487,1131,832,6,55,0.2,3,3,3,15.0,71,+4.533,5067331,56,6,1:09.282,224.369,1,15,2024,11,70,0.344,0.5869565217391305,0.48,0.0,0.15789473684210525,1994-09-01,sainz,0.45833333333333337,5.0,0.47368421052631576,701
26646,1139,832,6,55,0.15000000000000002,2,2,2,18.0,56,+8.562,5718201,42,5,1:37.763,203.009,1,18,2024,19,69,0.28800000000000003,0.6467391304347827,0.5,0.12193491587975289,0.10526315789473684,1994-09-01,sainz,0.45833333333333337,2.0,0.375,701
26700,1141,832,6,55,0.0,\N,R,16,0.0,38,\N,\N,19,17,1:24.201,184.230,3,0,2024,21,18,0.488,0.8369565217391305,0.505,0.44757757264793097,0.6842105263157894,1994-09-01,sainz,0.45833333333333337,5.0,0.381578947368421,701
26730,1143,832,6,55,0.35000000000000003,6,6,6,8.0,57,+17.476,5482799,52,6,1:23.465,233.731,1,8,2024,23,78,0.512,0.7391304347826088,0.51,0.056408892681860445,0.3157894736842105,1994-09-01,sainz,0.45833333333333337,4.0,0.6578947368421053,701
25154,1061,839,214,31,0.45,9,9,9,2.0,52,+1:16.162,7179446,48,14,1:32.210,229.992,1,2,2021,10,9,0.016,0.0923913043478261,0.185,0.17027433950531692,0.631578947368421,1996-09-17,ocon,0.2499999999999999,10.0,0.3289473684210526,585
25235,1065,839,214,31,0.6000000000000001,10,10,10,1.0,53,+20.868,4935233,53,9,1:25.566,243.727,1,1,2021,14,14,0.28,0.3369565217391305,0.195,0.2643259188814925,0.6842105263157894,1996-09-17,ocon,0.2499999999999999,13.0,0.4473684210526316,585
25333,1071,839,214,31,0.4,8,8,8,4.0,70,\N,\N,48,16,1:14.430,208.415,11,4,2021,19,18,0.016,0.08695652173913045,0.2075,0.2255916873994767,0.5263157894736843,1996-09-17,ocon,0.2499999999999999,9.0,0.736842105263158,585
25479,1077,839,214,31,0.8,14,14,14,0.0,62,\N,\N,37,18,1:21.887,215.814,11,0,2022,4,21,0.272,0.2173913043478261,0.225,1.0,0.9473684210526316,1996-09-17,ocon,0.29166666666666663,16.0,0.6842105263157894,585
25610,1084,839,214,31,0.30000000000000004,5,5,5,10.0,71,+1:08.436,5132748,62,10,1:09.559,223.476,1,10,2022,11,70,0.12,0.22282608695652173,0.2425,0.3567197883660924,0.21052631578947367,1996-09-17,ocon,0.29166666666666663,6.0,0.5964912280701755,585
25813,1095,839,214,31,0.8,8,8,8,4.0,71,+18.690,5932734,65,9,1:15.093,206.575,1,4,2022,21,18,0.128,0.15217391304347827,0.2675,0.4737957984417265,0.2631578947368421,1996-09-17,ocon,0.29166666666666663,17.0,0.644736842105263,585
25920,1101,839,214,31,0.0,15,15,15,0.0,51,+1:37.794,5660230,49,14,1:45.908,204.052,1,0,2023,4,73,0.11199999999999999,0.15217391304347827,0.28,0.29721921977803534,0.5789473684210527,1996-09-17,ocon,0.33333333333333337,18.0,0.6710526315789473,585
26019,1107,839,214,31,0.6000000000000001,14,14,14,0.0,70,\N,\N,50,15,1:09.797,222.714,11,0,2023,9,70,0.2,0.19565217391304351,0.2925,0.20942492794598866,0.5789473684210527,1996-09-17,ocon,0.33333333333333337,7.0,0.5413533834586466,585
26073,1110,839,214,31,0.7000000000000001,8,8,8,4.0,44,+1:14.719,5025169,27,8,1:50.439,228.310,1,4,2023,12,13,0.064,0.05434782608695653,0.3,0.2508572745935383,0.736842105263158,1996-09-17,ocon,0.33333333333333337,9.0,0.3859649122807018,585
26172,1115,839,214,31,0.4,7,7,7,6.0,57,+1:02.390,5321558,42,11,1:26.450,225.661,1,6,2023,17,78,0.055999999999999994,0.16847826086956524,0.3125,0.18423561318698853,0.3684210526315789,1996-09-17,ocon,0.33333333333333337,17.0,0.21052631578947367,585
26203,1116,839,214,31,0.4,\N,R,18,0.0,6,\N,\N,2,20,1:44.789,189.397,130,0,2023,18,69,0.07200000000000001,0.17934782608695654,0.315,0.24330416272597055,0.3684210526315789,1996-09-17,ocon,0.33333333333333337,11.0,0.7157894736842105,585
26235,1118,839,214,31,0.7000000000000001,10,10,10,1.0,70,\N,\N,53,6,1:14.206,209.045,11,1,2023,20,18,0.07200000000000001,0.14130434782608697,0.32,0.1337807474448139,0.5789473684210527,1996-09-17,ocon,0.33333333333333337,14.0,0.5894736842105261,585
26375,1125,839,214,31,0.65,11,11,11,0.0,56,+1:02.812,6115366,33,15,1:40.937,194.414,1,0,2024,5,17,0.0,0.0,0.3375,0.14417217070280353,0.631578947368421,1996-09-17,ocon,0.3749999999999999,13.0,0.49999999999999994,585
26394,1126,839,214,31,0.65,10,10,10,1.0,57,+39.746,5489622,51,16,1:32.037,211.688,1,1,2024,6,79,0.0,0.0,0.34,0.13192097148887127,0.631578947368421,1996-09-17,ocon,0.3749999999999999,15.0,0.3947368421052631,585
26496,1131,839,214,31,0.5,12,12,12,0.0,71,+1:08.325,5131123,45,10,1:09.649,223.187,1,0,2024,11,70,0.024,0.04347826086956522,0.3525,0.10601052131741669,0.47368421052631576,1996-09-17,ocon,0.3749999999999999,11.0,0.5592105263157894,585
26662,1139,839,214,31,0.6000000000000001,18,18,18,0.0,55,\N,\N,53,1,1:37.330,203.912,11,0,2024,19,69,0.016,0.02173913043478261,0.3725,0.22474278613130924,0.631578947368421,1996-09-17,ocon,0.3749999999999999,15.0,0.7456140350877192,585
26686,1141,839,214,31,0.2,2,2,2,18.0,69,+19.477,7633907,64,7,1:21.771,189.705,1,18,2024,21,18,0.0,0.005434782608695653,0.3775,0.1630981721777132,0.15789473684210525,1996-09-17,ocon,0.3749999999999999,13.0,0.5701754385964912,585
26744,1143,839,214,31,1.0,\N,R,20,0.0,0,\N,\N,\N,0,\N,\N,4,0,2024,23,78,0.14400000000000002,0.1847826086956522,0.3825,0.4033509656329147,1.0,1996-09-17,ocon,0.3749999999999999,14.0,0.2631578947368421,585
25153,1061,840,117,18,0.7000000000000001,8,8,8,4.0,52,+1:14.289,7177573,48,12,1:31.992,230.537,1,4,2021,10,9,0.07200000000000001,0.21195652173913046,0.2125,0.32464956899658315,0.736842105263158,1998-10-29,stroll,0.16666666666666663,14.0,0.5368421052631578,758
25232,1065,840,117,18,0.45,7,7,7,6.0,53,+15.804,4930169,52,13,1:25.853,242.912,1,6,2021,14,14,0.032,0.07608695652173914,0.2225,0.24084869515638604,0.5789473684210527,1998-10-29,stroll,0.16666666666666663,10.0,0.35526315789473684,758
25345,1071,840,117,18,0.7000000000000001,\N,R,20,0.0,47,\N,\N,25,20,1:15.344,205.887,130,0,2021,19,18,0.064,0.08152173913043478,0.235,0.30100469050432327,0.7894736842105263,1998-10-29,stroll,0.16666666666666663,14.0,0.8771929824561404,758
25475,1077,840,117,18,0.75,10,10,10,1.0,62,\N,\N,46,16,1:21.750,216.176,11,1,2022,4,21,0.0,0.0,0.2525,0.43647656691134945,0.736842105263158,1998-10-29,stroll,0.20833333333333337,15.0,0.49999999999999994,758
25618,1084,840,117,18,0.6000000000000001,13,13,13,0.0,70,\N,\N,64,17,1:10.048,221.916,11,0,2022,11,70,0.008,0.06521739130434782,0.27,0.48560138969187794,0.8421052631578947,1998-10-29,stroll,0.20833333333333337,13.0,0.5789473684210527,758
25815,1095,840,117,18,0.75,10,10,10,1.0,71,+23.552,5937596,50,8,1:14.831,207.299,1,1,2022,21,18,0.064,0.13043478260869565,0.295,0.39315617956757265,0.736842105263158,1998-10-29,stroll,0.20833333333333337,16.0,0.9078947368421053,758
25912,1101,840,117,18,0.45,7,7,7,6.0,51,+51.617,5614053,45,9,1:45.627,204.595,1,6,2023,4,73,0.2,0.3858695652173913,0.3075,0.27569114620948587,0.42105263157894735,1998-10-29,stroll,0.2499999999999999,8.0,0.5263157894736843,758
26014,1107,840,117,18,0.30000000000000004,9,9,9,2.0,71,+59.043,5192650,57,3,1:08.463,227.054,1,2,2023,9,70,0.128,0.4619565217391305,0.32,0.20293378009774432,0.2631578947368421,1998-10-29,stroll,0.2499999999999999,4.0,0.5855263157894737,758
26074,1110,840,117,18,0.5,9,9,9,2.0,44,+1:19.340,5029790,26,16,1:51.297,226.550,1,2,2023,12,13,0.10400000000000001,0.2989130434782609,0.3275,0.2563106936064413,0.47368421052631576,1998-10-29,stroll,0.2499999999999999,11.0,0.5964912280701755,758
26176,1115,840,117,18,0.8,11,11,11,0.0,57,+1:21.652,5340820,55,10,1:26.352,225.917,1,0,2023,17,78,0.016,0.19565217391304351,0.34,0.35015234438095266,0.8421052631578947,1998-10-29,stroll,0.2499999999999999,13.0,0.2631578947368421,758
26192,1116,840,117,18,0.0,7,7,7,6.0,56,+48.696,5770058,48,6,1:39.908,198.650,1,6,2023,18,69,0.0,0.1739130434782609,0.3425,0.350451572849523,0.9473684210526316,1998-10-29,stroll,0.2499999999999999,20.0,0.663157894736842,758
26230,1118,840,117,18,0.15000000000000002,5,5,5,10.0,71,+40.845,7049739,67,4,1:14.007,209.607,1,10,2023,20,18,0.048,0.09782608695652176,0.3475,0.06673224045119558,0.10526315789473684,1998-10-29,stroll,0.2499999999999999,12.0,0.8210526315789475,758
26379,1125,840,117,18,0.55,15,15,15,0.0,56,+1:22.786,6135340,37,8,1:39.444,197.333,1,0,2024,5,17,0.08,0.2173913043478261,0.365,0.13900639259944578,0.5263157894736843,1998-10-29,stroll,0.29166666666666663,14.0,0.7543859649122806,758
26401,1126,840,117,18,0.55,17,17,17,0.0,57,+55.173,5505049,57,9,1:31.588,212.726,1,0,2024,6,79,0.07200000000000001,0.21195652173913046,0.3675,0.12380275785878687,0.5263157894736843,1998-10-29,stroll,0.29166666666666663,19.0,0.5263157894736843,758
26497,1131,840,117,18,0.8500000000000001,13,13,13,0.0,70,\N,\N,54,13,1:10.143,221.615,11,0,2024,11,70,0.064,0.09782608695652176,0.38,0.18952363296618546,0.8421052631578947,1998-10-29,stroll,0.29166666666666663,10.0,0.567251461988304,758
26659,1139,840,117,18,0.65,15,15,15,0.0,55,\N,\N,54,16,1:39.214,200.040,11,0,2024,19,69,0.0,0.0923913043478261,0.4,0.2359799254378747,0.6842105263157894,1998-10-29,stroll,0.29166666666666663,13.0,0.6052631578947367,758
26703,1141,840,117,18,0.5,\N,W,19,0.0,0,\N,\N,\N,0,\N,\N,54,0,2024,21,18,0.0,0.06521739130434782,0.405,0.5171895814202369,0.47368421052631576,1998-10-29,stroll,0.29166666666666663,19.0,0.7192982456140351,758
26742,1143,840,117,18,0.75,\N,R,18,0.0,8,\N,\N,6,18,1:30.935,214.531,130,0,2024,23,78,0.0,0.02173913043478261,0.41000000000000003,0.2108487736166628,0.736842105263158,1998-10-29,stroll,0.29166666666666663,13.0,0.3947368421052631,758
25158,1061,841,51,99,0.75,13,13,13,0.0,51,\N,\N,49,15,1:32.346,229.653,11,0,2021,10,9,0.008,0.010869565217391306,0.1175,0.2164330459977221,0.6842105263157894,1993-12-14,giovinazzi,0.3749999999999999,15.0,0.807017543859649,311
25238,1065,841,51,99,0.35000000000000003,13,13,13,0.0,53,+27.216,4941581,50,10,1:25.718,243.295,1,0,2021,14,14,0.0,0.005434782608695653,0.1275,0.1806365213672895,0.47368421052631576,1993-12-14,giovinazzi,0.3749999999999999,8.0,0.6052631578947367,311
25339,1071,841,51,99,0.65,14,14,14,0.0,70,\N,\N,44,14,1:14.227,208.985,11,0,2021,19,18,0.0,0.04347826086956522,0.13999999999999999,0.19710952313670205,0.736842105263158,1993-12-14,giovinazzi,0.3749999999999999,13.0,0.21052631578947367,311
25156,1061,842,213,10,0.55,11,11,11,0.0,52,+1:25.327,7188611,52,3,1:30.266,234.945,1,0,2021,10,9,0.24800000000000003,0.20652173913043478,0.1775,0.2177152322891778,0.5789473684210527,1996-02-07,gasly,0.2499999999999999,12.0,0.40789473684210525,292
25244,1065,842,213,10,0.0,\N,R,19,0.0,3,\N,\N,2,19,1:29.005,234.310,22,0,2021,14,14,0.256,0.22282608695652173,0.1875,0.24775376095788793,0.2631578947368421,1996-02-07,gasly,0.2499999999999999,20.0,0.4035087719298245,292
25332,1071,842,213,10,0.35000000000000003,7,7,7,6.0,70,\N,\N,53,8,1:13.227,211.839,11,6,2021,19,18,0.16,0.11956521739130437,0.2,0.19872782792435967,0.21052631578947367,1996-02-07,gasly,0.2499999999999999,8.0,0.42105263157894735,292
25477,1077,842,213,10,0.8500000000000001,12,12,12,0.0,62,\N,\N,34,15,1:21.713,216.274,11,0,2022,4,21,0.192,0.2173913043478261,0.2175,0.546583850931677,0.8421052631578947,1996-02-07,gasly,0.29166666666666663,17.0,0.6578947368421053,292
25620,1084,842,213,10,0.7000000000000001,15,15,15,0.0,70,\N,\N,61,18,1:10.104,221.739,11,0,2022,11,70,0.08,0.05978260869565218,0.235,0.39786668483158066,0.47368421052631576,1996-02-07,gasly,0.29166666666666663,15.0,0.5526315789473684,292
25819,1095,842,213,10,0.5,14,14,14,0.0,71,+31.867,5945911,64,12,1:15.327,205.934,1,0,2022,21,18,0.04,0.03260869565217391,0.26,0.3849400674558664,0.5789473684210527,1996-02-07,gasly,0.29166666666666663,10.0,0.3947368421052631,292
25919,1101,842,214,10,0.8500000000000001,14,14,14,0.0,51,+1:31.332,5653768,47,8,1:45.540,204.764,1,0,2023,4,73,0.032,0.15217391304347827,0.2725,0.7873124047926671,0.9473684210526316,1996-02-07,gasly,0.33333333333333337,13.0,0.43421052631578944,292
26015,1107,842,214,10,0.45,10,10,10,1.0,71,+1:07.667,5201274,48,7,1:09.046,225.136,1,1,2023,9,70,0.08800000000000001,0.19565217391304351,0.285,0.13631410481313128,0.42105263157894735,1996-02-07,gasly,0.33333333333333337,15.0,0.5789473684210527,292
26076,1110,842,214,10,0.6000000000000001,11,11,11,0.0,44,+1:23.084,5033534,25,12,1:50.911,227.339,1,0,2023,12,13,0.016,0.05434782608695653,0.2925,0.22772725602157037,0.5789473684210527,1996-02-07,gasly,0.33333333333333337,3.0,0.3789473684210526,292
26177,1115,842,214,10,0.35000000000000003,12,12,12,0.0,57,+1:22.300,5341468,49,8,1:26.310,226.027,1,0,2023,17,78,0.192,0.16847826086956524,0.305,0.14628935763000936,0.3157894736842105,1996-02-07,gasly,0.33333333333333337,9.0,0.5263157894736843,292
26191,1116,842,214,10,0.35000000000000003,6,6,6,8.0,56,+47.996,5769358,47,11,1:40.412,197.653,1,8,2023,18,69,0.192,0.17934782608695654,0.3075,0.24962071310443326,0.3157894736842105,1996-02-07,gasly,0.33333333333333337,7.0,0.763157894736842,292
26232,1118,842,214,10,0.75,7,7,7,6.0,71,+56.093,7064987,48,11,1:14.521,208.161,1,6,2023,20,18,0.136,0.14130434782608697,0.3125,0.14326874371749573,0.631578947368421,1996-02-07,gasly,0.33333333333333337,13.0,0.45263157894736833,292
26377,1125,842,214,10,0.75,13,13,13,0.0,56,+1:09.223,6121777,40,5,1:39.198,197.822,1,0,2024,5,17,0.0,0.0,0.33,0.12797041210590868,0.736842105263158,1996-02-07,gasly,0.3749999999999999,15.0,0.5789473684210527,292
26396,1126,842,214,10,0.6000000000000001,12,12,12,0.0,57,+44.958,5494834,56,17,1:32.055,211.647,1,0,2024,6,79,0.0,0.0,0.3325,0.07281022849481934,0.5789473684210527,1996-02-07,gasly,0.3749999999999999,9.0,0.631578947368421,292
26494,1131,842,214,10,0.65,10,10,10,1.0,71,+1:01.766,5124564,45,9,1:09.609,223.315,1,1,2024,11,70,0.04,0.04347826086956522,0.34500000000000003,0.11419139756056139,0.631578947368421,1996-02-07,gasly,0.3749999999999999,12.0,0.5657894736842104,292
26656,1139,842,214,10,0.30000000000000004,12,12,12,0.0,56,+1:30.558,5800197,55,11,1:38.311,201.877,1,0,2024,19,69,0.016,0.02173913043478261,0.365,0.12050038745763814,0.3157894736842105,1996-02-07,gasly,0.3749999999999999,14.0,0.663157894736842,292
26687,1141,842,214,10,0.65,3,3,3,15.0,69,+22.532,7636962,66,5,1:21.645,189.998,1,15,2024,21,18,0.008,0.005434782608695653,0.37,0.2256735880055261,0.736842105263158,1996-02-07,gasly,0.3749999999999999,7.0,0.4298245614035087,292
26729,1143,842,214,10,0.55,5,5,5,10.0,57,+16.782,5482105,56,8,1:23.705,233.061,1,10,2024,23,78,0.128,0.1847826086956522,0.375,0.16484540482757273,0.5263157894736843,1996-02-07,gasly,0.3749999999999999,9.0,0.5526315789473684,292
25147,1061,844,6,16,0.2,2,2,2,18.0,52,+3.871,7107155,45,5,1:30.569,234.159,1,18,2021,10,9,0.17600000000000002,0.3369565217391305,0.165,0.07693117748734198,0.15789473684210525,1997-10-16,leclerc,0.20833333333333337,4.0,0.3289473684210526,463
25229,1065,844,6,16,0.25,4,4,4,12.0,53,+7.309,4921674,53,6,1:25.319,244.433,1,12,2021,14,14,0.28800000000000003,0.41304347826086957,0.175,0.18671297927261118,0.3684210526315789,1997-10-16,leclerc,0.20833333333333337,6.0,0.47368421052631576,463
25330,1071,844,6,16,0.30000000000000004,5,5,5,10.0,71,+49.517,5592368,61,7,1:12.822,213.018,1,10,2021,19,18,0.368,0.47282608695652173,0.1875,0.13658492407830583,0.3157894736842105,1997-10-16,leclerc,0.20833333333333337,7.0,0.6052631578947367,463
25471,1077,844,6,16,0.1,6,6,6,8.0,63,+56.072,5584058,63,2,1:18.574,224.914,1,8,2022,4,21,0.6,0.6902173913043479,0.205,0.0,0.05263157894736842,1997-10-16,leclerc,0.2499999999999999,2.0,0.18421052631578946,463
25606,1084,844,6,16,0.1,1,1,1,25.0,71,1:24:24.312,5064312,62,2,1:07.583,230.010,1,25,2022,11,70,0.272,0.5815217391304348,0.2225,0.0,0.05263157894736842,1997-10-16,leclerc,0.2499999999999999,2.0,0.3596491228070175,463
25809,1095,844,6,16,0.25,4,4,4,12.0,71,+8.441,5922485,63,6,1:14.253,208.912,1,12,2022,21,18,0.5920000000000001,0.6032608695652174,0.2475,0.41993461904276336,0.47368421052631576,1997-10-16,leclerc,0.2499999999999999,6.0,0.47368421052631576,463
25908,1101,844,6,16,0.05,3,3,3,15.0,51,+21.217,5583653,49,4,1:44.561,206.681,1,15,2023,4,73,0.28800000000000003,0.4510869565217392,0.26,0.0,0.0,1997-10-16,leclerc,0.29166666666666663,2.0,0.3947368421052631,463
26007,1107,844,6,16,0.1,2,2,2,18.0,71,+5.155,5138762,51,5,1:08.820,225.876,1,18,2023,9,70,0.32799999999999996,0.4619565217391305,0.2725,0.1574957451600339,0.05263157894736842,1997-10-16,leclerc,0.29166666666666663,12.0,0.3082706766917293,463
26068,1110,844,6,16,0.05,3,3,3,15.0,44,+32.259,4982709,30,7,1:50.436,228.316,1,15,2023,12,13,0.304,0.3858695652173913,0.28,0.0,0.05263157894736842,1997-10-16,leclerc,0.29166666666666663,5.0,0.4421052631578947,463
26170,1115,844,6,16,0.25,5,5,5,10.0,57,+38.976,5298144,57,4,1:24.992,229.532,1,10,2023,17,78,0.408,0.5923913043478262,0.2925,0.11645574981279815,0.21052631578947367,1997-10-16,leclerc,0.29166666666666663,12.0,0.3684210526315789,463
26205,1116,844,6,16,0.05,\N,D,20,0.0,56,\N,\N,\N,0,\N,\N,2,0,2023,18,69,0.368,0.5652173913043479,0.295,0.22692792100403025,0.0,1997-10-16,leclerc,0.29166666666666663,3.0,0.28947368421052627,463
26245,1118,844,6,16,0.0,\N,W,20,0.0,0,\N,\N,\N,0,\N,\N,5,0,2023,20,18,0.392,0.5923913043478262,0.3,0.04174718359980008,0.05263157894736842,1997-10-16,leclerc,0.29166666666666663,5.0,0.3947368421052631,463
26368,1125,844,6,16,0.30000000000000004,4,4,4,12.0,56,+23.623,6076177,33,6,1:39.384,197.452,1,12,2024,5,17,0.6,0.7391304347826088,0.3175,0.012914445258394455,0.2631578947368421,1997-10-16,leclerc,0.33333333333333337,4.0,0.5789473684210527,463
26387,1126,844,6,16,0.1,3,3,3,15.0,57,+9.920,5459796,56,6,1:31.084,213.903,1,15,2024,6,79,0.552,0.7608695652173914,0.32,0.09944811696853373,0.05263157894736842,1997-10-16,leclerc,0.33333333333333337,2.0,0.18421052631578946,463
26495,1131,844,6,16,0.30000000000000004,11,11,11,0.0,71,+1:07.056,5129854,55,8,1:09.584,223.396,1,0,2024,11,70,0.52,0.5869565217391305,0.3325,0.08385398149223314,0.2631578947368421,1997-10-16,leclerc,0.33333333333333337,7.0,0.2763157894736842,463
26645,1139,844,6,16,0.2,1,1,1,25.0,56,1:35:09.639,5709639,39,6,1:37.834,202.861,1,25,2024,19,69,0.664,0.6467391304347827,0.3525,0.046622173718729044,0.15789473684210525,1997-10-16,leclerc,0.33333333333333337,4.0,0.431578947368421,463
26689,1141,844,6,16,0.30000000000000004,5,5,5,10.0,69,+30.177,7644607,60,4,1:21.631,190.030,1,10,2024,21,18,0.7440000000000001,0.8369565217391305,0.3575,0.3309711752820466,0.2631578947368421,1997-10-16,leclerc,0.33333333333333337,3.0,0.5157894736842106,463
26726,1143,844,6,16,0.25,2,2,2,18.0,57,+6.031,5471354,53,4,1:23.242,234.357,1,18,2024,23,78,0.5760000000000001,0.7391304347826088,0.3625,0.010131694316644835,0.21052631578947367,1997-10-16,leclerc,0.33333333333333337,5.0,0.28947368421052627,463
25149,1061,846,1,4,0.25,4,4,4,12.0,52,+28.573,7131857,44,9,1:31.420,231.979,1,12,2021,10,9,0.48,0.41304347826086957,0.1125,0.17771101999575997,0.2631578947368421,1999-11-13,norris,0.125,5.0,0.3859649122807018,582
25227,1065,846,1,4,0.15000000000000002,2,2,2,18.0,53,+1.747,4916112,53,3,1:24.971,245.434,1,18,2021,14,14,0.22399999999999998,0.30434782608695654,0.1225,0.10302358175840824,0.15789473684210525,1999-11-13,norris,0.125,4.0,0.3157894736842105,582
25335,1071,846,1,4,0.25,10,10,10,1.0,70,\N,\N,53,10,1:13.761,210.306,11,1,2021,19,18,0.28,0.44565217391304346,0.135,0.20455372515992723,0.3684210526315789,1999-11-13,norris,0.125,6.0,0.3684210526315789,582
25468,1077,846,1,4,0.25,3,3,3,15.0,63,+34.834,5562820,61,7,1:20.903,218.439,1,15,2022,4,21,0.184,0.22282608695652173,0.1525,0.38735177865612647,0.10526315789473684,1999-11-13,norris,0.16666666666666663,5.0,0.2368421052631579,582
25612,1084,846,1,4,0.5,7,7,7,6.0,70,\N,\N,62,8,1:09.304,224.298,11,6,2022,11,70,0.17600000000000002,0.14130434782608697,0.17,0.30979192297570085,0.736842105263158,1999-11-13,norris,0.16666666666666663,11.0,0.17894736842105263,582
25823,1095,846,1,4,0.30000000000000004,\N,R,18,0.0,50,\N,\N,48,18,1:15.855,204.500,6,0,2022,21,18,0.23199999999999998,0.24456521739130438,0.195,0.0,0.15789473684210525,1999-11-13,norris,0.16666666666666663,7.0,0.42105263157894735,582
25914,1101,846,1,4,0.35000000000000003,9,9,9,2.0,51,+1:20.376,5642812,49,12,1:45.738,204.380,1,2,2023,4,73,0.128,0.11956521739130437,0.2075,0.19441168477720713,0.3157894736842105,1999-11-13,norris,0.20833333333333337,17.0,0.3333333333333333,582
26009,1107,846,1,4,0.2,4,4,4,12.0,71,+26.327,5159934,48,4,1:08.739,226.142,1,12,2023,9,70,0.032,0.027173913043478264,0.22,0.17116131957739042,0.15789473684210525,1999-11-13,norris,0.20833333333333337,9.0,0.20175438596491224,582
26072,1110,846,1,4,0.35000000000000003,7,7,7,6.0,44,+1:13.719,5024169,26,18,1:51.682,225.769,1,6,2023,12,13,0.384,0.3804347826086957,0.2275,0.316110253816895,0.3157894736842105,1999-11-13,norris,0.20833333333333337,6.0,0.5263157894736843,582
26168,1115,846,1,4,0.5,3,3,3,15.0,57,+5.969,5265137,47,2,1:24.842,229.938,1,15,2023,17,78,0.41600000000000004,0.40760869565217395,0.24,0.032450590959071844,0.47368421052631576,1999-11-13,norris,0.20833333333333337,3.0,0.42105263157894735,582
26187,1116,846,1,4,0.1,2,2,2,18.0,56,+10.730,5732092,39,8,1:39.985,198.497,1,18,2023,18,69,0.488,0.5543478260869565,0.2425,0.004444979895955231,0.05263157894736842,1999-11-13,norris,0.20833333333333337,4.0,0.3157894736842105,582
26227,1118,846,1,4,0.30000000000000004,2,2,2,19.0,71,+8.277,7017171,61,1,1:12.486,214.005,1,18,2023,20,18,0.632,0.6630434782608696,0.2475,0.08950343150563199,0.3157894736842105,1999-11-13,norris,0.20833333333333337,2.0,0.5789473684210527,582
26366,1125,846,1,4,0.2,2,2,2,18.0,56,+13.773,6066327,1,4,1:38.751,198.717,1,18,2024,5,17,0.376,0.47282608695652173,0.265,0.023480809560717186,0.15789473684210525,1999-11-13,norris,0.2499999999999999,6.0,0.894736842105263,582
26385,1126,846,1,4,0.25,1,1,1,25.0,57,1:30:49.876,5449876,55,5,1:30.980,214.148,1,25,2024,6,79,0.44,0.4945652173913044,0.2675,0.056827495410590706,0.21052631578947367,1999-11-13,norris,0.2499999999999999,20.0,0.894736842105263,582
26504,1131,846,1,4,0.1,20,20,20,0.0,64,\N,\N,53,3,1:08.016,228.546,17,0,2024,11,70,0.728,0.7445652173913044,0.28,0.06374266072783576,0.05263157894736842,1999-11-13,norris,0.2499999999999999,3.0,0.19548872180451127,582
26648,1139,846,1,4,0.05,4,4,4,12.0,56,+20.354,5729993,55,4,1:37.679,203.183,1,12,2024,19,69,0.696,0.9510869565217392,0.3,0.13628020010090028,0.0,1999-11-13,norris,0.2499999999999999,3.0,0.25,582
26690,1141,846,1,4,0.05,6,6,6,8.0,69,+31.372,7645802,67,2,1:21.517,190.296,1,8,2024,21,18,0.6559999999999999,0.8369565217391305,0.305,0.6086652896986461,0.0,1999-11-13,norris,0.2499999999999999,1.0,0.4473684210526316,582
26734,1143,846,1,4,0.15000000000000002,10,10,10,2.0,57,+35.762,5501085,56,1,1:22.384,236.798,1,1,2024,23,78,0.568,0.5978260869565218,0.31,0.09228056715430567,0.10526315789473684,1999-11-13,norris,0.2499999999999999,2.0,0.2631578947368421,582
25157,1061,847,3,63,0.6000000000000001,12,12,12,0.0,51,\N,\N,49,13,1:32.049,230.394,11,0,2021,10,9,0.0,0.0,0.1125,0.2359222776278487,0.3684210526315789,1998-02-15,russell,0.16666666666666663,9.0,0.7192982456140351,695
25234,1065,847,3,63,0.7000000000000001,9,9,9,2.0,53,+19.742,4934107,53,11,1:25.835,242.963,1,2,2021,14,14,0.17600000000000002,0.16304347826086957,0.1225,0.372044945384922,0.736842105263158,1998-02-15,russell,0.16666666666666663,15.0,0.6842105263157894,695
25338,1071,847,3,63,0.8500000000000001,13,13,13,0.0,70,\N,\N,45,15,1:14.355,208.626,11,0,2021,19,18,0.024,0.016304347826086956,0.135,0.3948663681884671,0.894736842105263,1998-02-15,russell,0.16666666666666663,17.0,0.5789473684210527,695
25469,1077,847,131,63,0.55,4,4,4,12.0,63,+42.506,5570492,57,8,1:20.962,218.280,1,12,2022,4,21,0.29600000000000004,0.7119565217391305,0.1525,0.44805194805194803,0.5263157894736843,1998-02-15,russell,0.20833333333333337,11.0,0.868421052631579,695
25609,1084,847,131,63,0.2,4,4,4,12.0,71,+58.972,5123284,61,6,1:09.075,225.042,1,12,2022,11,70,0.41600000000000004,0.5869565217391305,0.17,0.2774865083953588,0.15789473684210525,1998-02-15,russell,0.20833333333333337,4.0,0.7789473684210526,695
25806,1095,847,131,63,0.05,1,1,1,26.0,71,1:38:34.044,5914044,61,1,1:13.785,210.237,1,25,2022,21,18,0.32799999999999996,0.5380434782608696,0.195,0.40198089257644226,0.10526315789473684,1998-02-15,russell,0.20833333333333337,1.0,0.6052631578947367,695
25913,1101,847,131,63,0.55,8,8,8,5.0,51,+1:14.240,5636676,51,1,1:43.370,209.062,1,4,2023,4,73,0.424,0.5923913043478262,0.2075,0.17661807295014076,0.5263157894736843,1998-02-15,russell,0.2499999999999999,4.0,0.5614035087719298,695
26012,1107,847,131,63,0.55,7,7,7,6.0,71,+48.403,5182010,49,10,1:09.283,224.366,1,6,2023,9,70,0.32799999999999996,0.5543478260869565,0.22,0.1947344354473304,0.5263157894736843,1998-02-15,russell,0.2499999999999999,8.0,0.6754385964912282,695
26071,1110,847,131,63,0.4,6,6,6,8.0,44,+1:03.101,5013551,25,11,1:50.603,227.972,1,8,2023,12,13,0.312,0.5597826086956522,0.2275,0.1382159646373693,0.3684210526315789,1998-02-15,russell,0.2499999999999999,8.0,0.47368421052631576,695
26169,1115,847,131,63,0.1,4,4,4,12.0,57,+34.119,5293287,35,5,1:25.770,227.450,1,12,2023,17,78,0.192,0.41847826086956524,0.24,0.08557534873884268,0.05263157894736842,1998-02-15,russell,0.2499999999999999,4.0,0.8421052631578947,695
26190,1116,847,131,63,0.25,5,5,5,10.0,56,+24.999,5746361,48,3,1:39.393,199.680,1,10,2023,18,69,0.22399999999999998,0.37500000000000006,0.2425,0.25125833727662733,0.21052631578947367,1998-02-15,russell,0.2499999999999999,8.0,0.5789473684210527,695
26240,1118,847,131,63,0.4,\N,R,15,0.0,57,\N,\N,55,13,1:14.934,207.014,25,0,2023,20,18,0.28800000000000003,0.4293478260869566,0.2475,0.0,0.2631578947368421,1998-02-15,russell,0.2499999999999999,4.0,0.4035087719298245,695
26370,1125,847,131,63,0.4,6,6,6,8.0,56,+38.724,6091278,39,11,1:40.112,196.016,1,8,2024,5,17,0.312,0.27717391304347827,0.265,0.0803043686976528,0.3684210526315789,1998-02-15,russell,0.29166666666666663,8.0,0.7894736842105263,695
26392,1126,847,131,63,0.35000000000000003,8,8,8,4.0,57,+34.789,5484665,43,13,1:31.921,211.955,1,4,2024,6,79,0.256,0.23913043478260873,0.2675,0.11923626269186441,0.3157894736842105,1998-02-15,russell,0.29166666666666663,12.0,0.18421052631578946,695
26485,1131,847,131,63,0.15000000000000002,1,1,1,25.0,71,1:24:22.798,5062798,48,5,1:09.164,224.752,1,25,2024,11,70,0.376,0.5217391304347826,0.28,0.10976008959552468,0.10526315789473684,1998-02-15,russell,0.29166666666666663,4.0,0.6240601503759398,695
26650,1139,847,131,63,1.0,6,6,6,8.0,56,+56.295,5765934,42,3,1:37.656,203.231,1,8,2024,19,69,0.312,0.47826086956521746,0.3,0.11715315447270375,0.2631578947368421,1998-02-15,russell,0.29166666666666663,5.0,0.4868421052631579,695
26688,1141,847,131,63,0.1,4,4,4,12.0,69,+23.265,7637695,66,6,1:21.645,189.998,1,12,2024,21,18,0.408,0.4510869565217392,0.305,0.15053282763397566,0.05263157894736842,1998-02-15,russell,0.29166666666666663,6.0,0.4868421052631579,695
26728,1143,847,131,63,0.05,4,4,4,12.0,57,+14.104,5479427,50,5,1:23.355,234.039,1,12,2024,23,78,0.536,0.5760869565217391,0.31,0.0,0.05263157894736842,1998-02-15,russell,0.29166666666666663,3.0,0.49999999999999994,695
25476,1077,848,3,23,0.9,11,11,11,0.0,62,\N,\N,61,17,1:21.757,216.157,11,0,2022,4,21,0.168,0.005434782608695653,0.0975,0.43307201523364014,1.0,1996-03-23,albon,0.29166666666666663,18.0,0.736842105263158,14
25617,1084,848,3,23,0.75,12,12,12,0.0,70,\N,\N,60,12,1:09.669,223.123,11,0,2022,11,70,0.0,0.0,0.11499999999999999,0.3730425241540547,0.5263157894736843,1996-03-23,albon,0.29166666666666663,16.0,0.5087719298245614,14
25820,1095,848,3,23,0.9500000000000001,15,15,15,0.0,71,+36.016,5950060,49,16,1:15.613,205.155,1,0,2022,21,18,0.0,0.02173913043478261,0.1375,0.3706379463725259,0.5263157894736843,1996-03-23,albon,0.29166666666666663,20.0,0.6842105263157894,14
25917,1101,848,3,23,0.6000000000000001,12,12,12,0.0,51,+1:28.623,5651059,51,15,1:45.925,204.019,1,0,2023,4,73,0.008,0.005434782608695653,0.15,0.19814614651869022,0.631578947368421,1996-03-23,albon,0.33333333333333337,9.0,0.5526315789473684,14
26016,1107,848,3,23,0.5,11,11,11,0.0,71,+1:19.767,5213374,53,11,1:09.560,223.473,1,0,2023,9,70,0.048,0.03260869565217391,0.1625,0.19029312376168955,0.47368421052631576,1996-03-23,albon,0.33333333333333337,13.0,0.5263157894736843,14
26079,1110,848,3,23,0.75,14,14,14,0.0,44,+1:36.184,5046634,35,3,1:49.841,229.553,1,0,2023,12,13,0.08,0.05434782608695653,0.17,0.37873054799953987,0.7894736842105263,1996-03-23,albon,0.33333333333333337,12.0,0.3157894736842105,14
26178,1115,848,3,23,0.65,13,13,13,0.0,57,+1:31.014,5350182,57,14,1:26.666,225.098,1,0,2023,17,78,0.08,0.05434782608695653,0.1825,0.29074682706071625,0.6842105263157894,1996-03-23,albon,0.33333333333333337,7.0,0.47368421052631576,14
26194,1116,848,3,23,0.75,9,9,9,2.0,56,+1:26.714,5808076,40,15,1:41.371,195.783,1,2,2023,18,69,0.08,0.05434782608695653,0.185,0.2863502838236423,0.894736842105263,1996-03-23,albon,0.33333333333333337,9.0,0.42105263157894735,14
26244,1118,848,3,23,0.65,\N,R,19,0.0,0,\N,\N,\N,0,\N,\N,4,0,2023,20,18,0.032,0.027173913043478264,0.19,0.08887089842078652,0.736842105263158,1996-03-23,albon,0.33333333333333337,15.0,0.7105263157894737,14
26376,1125,848,3,23,0.7000000000000001,12,12,12,0.0,56,+1:05.506,6118060,34,12,1:40.790,194.697,1,0,2024,5,17,0.0,0.0,0.2075,0.15074679737980434,0.6842105263157894,1996-03-23,albon,0.3749999999999999,17.0,0.47368421052631576,14
26402,1126,848,3,23,0.7000000000000001,18,18,18,0.0,57,+1:16.091,5525967,55,2,1:30.849,214.456,1,0,2024,6,79,0.0,0.0,0.21,0.16591599106484964,0.6842105263157894,1996-03-23,albon,0.3749999999999999,13.0,0.5526315789473684,14
26499,1131,848,3,23,0.8,15,15,15,0.0,70,\N,\N,41,16,1:10.364,220.919,11,0,2024,11,70,0.016,0.010869565217391306,0.2225,0.1612314359586434,0.7894736842105263,1996-03-23,albon,0.3749999999999999,17.0,0.5263157894736843,14
26660,1139,848,3,23,0.7000000000000001,16,16,16,0.0,55,\N,\N,54,14,1:39.084,200.302,11,0,2024,19,69,0.064,0.06521739130434782,0.2425,0.2402835107042189,0.7894736842105263,1996-03-23,albon,0.3749999999999999,17.0,0.42105263157894735,14
26702,1141,848,3,23,0.35000000000000003,\N,W,18,0.0,0,\N,\N,\N,0,\N,\N,54,0,2024,21,18,0.064,0.07065217391304349,0.2475,0.13821878998111287,0.3157894736842105,1996-03-23,albon,0.3749999999999999,10.0,0.7894736842105263,14
26739,1143,848,3,23,0.8,15,15,15,0.0,56,\N,\N,47,14,1:25.559,228.011,11,0,2024,23,78,0.0,0.005434782608695653,0.2525,0.31463018296824097,0.7894736842105263,1996-03-23,albon,0.3749999999999999,15.0,0.631578947368421,14
25159,1061,849,3,6,0.8500000000000001,14,14,14,0.0,51,\N,\N,51,16,1:32.477,229.328,11,0,2021,10,9,0.0,0.0,0.060000000000000005,0.3854251992115833,0.894736842105263,1995-06-29,latifi,0.29166666666666663,17.0,0.8421052631578947,457
25236,1065,849,3,6,0.65,11,11,11,0.0,53,+23.743,4938108,50,16,1:25.953,242.630,1,0,2021,14,14,0.064,0.16304347826086957,0.06999999999999999,0.38171203750702465,0.7894736842105263,1995-06-29,latifi,0.29166666666666663,14.0,0.5263157894736843,457
25341,1071,849,3,6,0.8,16,16,16,0.0,70,\N,\N,57,18,1:14.616,207.896,11,0,2021,19,18,0.0,0.016304347826086956,0.0825,0.3767413545667014,0.8421052631578947,1995-06-29,latifi,0.29166666666666663,16.0,0.47368421052631576,457
25481,1077,849,3,6,0.9500000000000001,16,16,16,0.0,62,\N,\N,62,12,1:21.338,217.271,11,0,2022,4,21,0.0,0.005434782608695653,0.09999999999999999,0.8963862224731789,0.894736842105263,1995-06-29,latifi,0.33333333333333337,19.0,0.763157894736842,457
25624,1084,849,3,6,0.8500000000000001,\N,R,19,0.0,48,\N,\N,14,19,1:10.890,219.280,140,0,2022,11,70,0.0,0.0,0.1175,0.5386502810027554,0.9473684210526316,1995-06-29,latifi,0.33333333333333337,18.0,0.75,457
25821,1095,849,3,6,0.9,16,16,16,0.0,71,+37.038,5951082,59,11,1:15.327,205.934,1,0,2022,21,18,0.016,0.02173913043478261,0.1425,0.6052535922290263,0.7894736842105263,1995-06-29,latifi,0.33333333333333337,19.0,0.7894736842105263,457
25155,1061,852,213,22,0.8,10,10,10,1.0,52,+1:22.065,7185349,51,6,1:30.826,233.497,1,1,2021,10,9,0.055999999999999994,0.20652173913043478,0.017499999999999998,0.3313169377121528,0.7894736842105263,2000-05-11,tsunoda,0.08333333333333337,16.0,0.47368421052631576,800
25245,1065,852,213,22,0.0,\N,W,20,0.0,0,\N,\N,\N,0,\N,\N,23,0,2021,14,14,0.07200000000000001,0.22282608695652173,0.0275,0.3949697638459083,0.8421052631578947,2000-05-11,tsunoda,0.08333333333333337,16.0,0.47368421052631576,800
25340,1071,852,213,22,0.75,15,15,15,0.0,70,\N,\N,62,13,1:14.204,209.050,11,0,2021,19,18,0.016,0.11956521739130437,0.04,0.19969881079695426,0.631578947368421,2000-05-11,tsunoda,0.08333333333333337,15.0,0.47368421052631576,800
25472,1077,852,213,22,0.6000000000000001,7,7,7,6.0,63,+1:01.110,5589096,61,5,1:20.544,219.412,1,6,2022,4,21,0.128,0.2173913043478261,0.0575,0.47374364765669114,0.7894736842105263,2000-05-11,tsunoda,0.125,12.0,0.5789473684210527,800
25621,1084,852,213,22,0.8,16,16,16,0.0,70,\N,\N,62,16,1:10.023,221.995,11,0,2022,11,70,0.008,0.05978260869565218,0.075,0.35501950338817967,0.6842105263157894,2000-05-11,tsunoda,0.125,17.0,0.5263157894736843,800
25822,1095,852,213,22,0.0,17,17,17,0.0,70,\N,\N,63,13,1:15.508,205.440,11,0,2022,21,18,0.008,0.03260869565217391,0.09999999999999999,0.9609808166210484,0.9473684210526316,2000-05-11,tsunoda,0.125,15.0,0.736842105263158,800
25915,1101,852,213,22,0.4,10,10,10,1.0,51,+1:23.862,5646298,51,11,1:45.727,204.401,1,1,2023,4,73,0.008,0.005434782608695653,0.1125,0.21198562238418633,0.3684210526315789,2000-05-11,tsunoda,0.16666666666666663,19.0,0.47368421052631576,800
26024,1107,852,213,22,0.8,19,19,19,0.0,70,\N,\N,45,13,1:09.620,223.280,11,0,2023,9,70,0.008,0.005434782608695653,0.125,0.22821509276985388,0.7894736842105263,2000-05-11,tsunoda,0.16666666666666663,16.0,0.6140350877192982,800
26075,1110,852,213,22,0.55,10,10,10,1.0,44,+1:20.221,5030671,26,17,1:51.394,226.353,1,1,2023,12,13,0.0,0.0,0.1325,0.13990840502068405,0.5263157894736843,2000-05-11,tsunoda,0.16666666666666663,18.0,0.6842105263157894,800
26180,1115,852,213,22,0.55,15,15,15,0.0,56,\N,\N,55,17,1:27.174,223.786,11,0,2023,17,78,0.008,0.016304347826086956,0.145,0.27504492820955245,0.5263157894736843,2000-05-11,tsunoda,0.16666666666666663,11.0,0.631578947368421,800
26193,1116,852,213,22,0.55,8,8,8,5.0,56,+1:14.385,5795747,56,1,1:38.139,202.231,1,4,2023,18,69,0.0,0.010869565217391306,0.1475,0.1923038670776421,0.5263157894736843,2000-05-11,tsunoda,0.16666666666666663,14.0,0.4473684210526316,800
26234,1118,852,213,22,0.8,9,9,9,2.0,71,+1:09.880,7078774,64,7,1:14.231,208.974,1,2,2023,20,18,0.032,0.06521739130434782,0.1525,0.15718447158409574,0.7894736842105263,2000-05-11,tsunoda,0.16666666666666663,6.0,0.7894736842105263,800
26383,1125,852,215,22,0.9500000000000001,\N,R,19,0.0,26,\N,\N,11,20,1:41.593,193.158,31,0,2024,5,17,0.08800000000000001,0.04755434782608696,0.17,0.23574732798960057,0.9473684210526316,2000-05-11,tsunoda,0.20833333333333337,16.0,0.47368421052631576,800
26391,1126,852,215,22,0.5,7,7,7,6.0,57,+26.185,5476061,55,10,1:31.682,212.508,1,6,2024,6,79,0.055999999999999994,0.03804347826086957,0.1725,0.16109580172198704,0.47368421052631576,2000-05-11,tsunoda,0.20833333333333337,8.0,0.5526315789473684,800
26498,1131,852,215,22,0.7000000000000001,14,14,14,0.0,70,\N,\N,54,15,1:10.318,221.064,11,0,2024,11,70,0.08800000000000001,0.08152173913043478,0.185,0.1022609530393087,0.6842105263157894,2000-05-11,tsunoda,0.20833333333333337,13.0,0.6973684210526316,800
26658,1139,852,215,22,0.5,14,14,14,0.0,55,\N,\N,54,15,1:39.193,200.082,11,0,2024,19,69,0.0,0.005434782608695653,0.205,0.17907696469399,0.5263157894736843,2000-05-11,tsunoda,0.20833333333333337,11.0,0.42105263157894735,800
26691,1141,852,215,22,0.15000000000000002,7,7,7,6.0,69,+42.056,7656486,69,8,1:21.828,189.573,1,6,2024,21,18,0.0,0.010869565217391306,0.21,0.16334947906858793,0.10526315789473684,2000-05-11,tsunoda,0.20833333333333337,15.0,0.6666666666666665,800
26737,1143,852,215,22,0.7000000000000001,13,13,13,0.0,57,+1:01.100,5526423,47,17,1:26.144,226.462,1,0,2024,23,78,0.064,0.06521739130434782,0.215,0.30751061398897706,0.6842105263157894,2000-05-11,tsunoda,0.20833333333333337,17.0,0.6842105263157894,800
25162,1061,853,210,9,0.9500000000000001,17,17,17,0.0,51,\N,\N,51,18,1:32.909,228.262,11,0,2021,10,9,0.0,0.0,0.017499999999999998,0.5898056940696218,1.0,1999-03-02,mazepin,0.125,19.0,0.47368421052631576,524
25241,1065,853,210,9,0.8,\N,R,16,0.0,41,\N,\N,41,18,1:27.202,239.155,131,0,2021,14,14,0.0,0.0,0.0275,0.6001883194665446,1.0,1999-03-02,mazepin,0.125,17.0,0.47368421052631576,524
25342,1071,853,210,9,0.9500000000000001,17,17,17,0.0,69,\N,\N,36,19,1:14.954,206.958,12,0,2021,19,18,0.0,0.0,0.04,0.6007147371785204,1.0,1999-03-02,mazepin,0.125,20.0,0.47368421052631576,524
25163,1061,854,210,47,0.9,18,18,18,0.0,51,\N,\N,50,17,1:32.862,228.377,11,0,2021,10,9,0.0,0.0,0.017499999999999998,0.509540832224495,0.9473684210526316,1999-03-22,mick_schumacher,0.125,18.0,0.47368421052631576,541
25240,1065,854,210,47,0.9,15,15,15,0.0,53,+51.088,4965453,52,17,1:26.707,240.520,1,0,2021,14,14,0.0,0.0,0.0275,0.4709254876624291,0.894736842105263,1999-03-22,mick_schumacher,0.125,19.0,0.47368421052631576,541
25343,1071,854,210,47,0.9,18,18,18,0.0,69,\N,\N,66,11,1:13.793,210.215,12,0,2021,19,18,0.0,0.0,0.04,0.5165628882203225,0.9473684210526316,1999-03-22,mick_schumacher,0.125,19.0,0.47368421052631576,541
25482,1077,854,210,47,0.5,17,17,17,0.0,62,\N,\N,55,4,1:18.999,223.704,11,0,2022,4,21,0.0,0.06521739130434782,0.0575,0.45906267645398074,0.5789473684210527,1999-03-22,mick_schumacher,0.16666666666666663,10.0,0.7894736842105263,541
25611,1084,854,210,47,0.45,6,6,6,8.0,70,\N,\N,50,11,1:09.625,223.264,11,8,2022,11,70,0.032,0.027173913043478264,0.075,0.3352961976443919,0.3157894736842105,1999-03-22,mick_schumacher,0.16666666666666663,9.0,0.8421052631578947,541
25818,1095,854,210,47,0.6000000000000001,13,13,13,0.0,71,+29.899,5943943,63,10,1:15.251,206.142,1,0,2022,21,18,0.0,0.010869565217391306,0.09999999999999999,0.9904979601334744,1.0,1999-03-22,mick_schumacher,0.16666666666666663,12.0,0.894736842105263,541
25480,1077,855,51,24,0.0,15,15,15,0.0,62,\N,\N,61,11,1:21.286,217.410,11,0,2022,4,21,0.013333333333333332,0.08152173913043478,0.0024999999999999996,0.2636928289102202,0.6842105263157894,1999-05-30,zhou,0.16666666666666663,20.0,0.47368421052631576,857
25619,1084,855,51,24,0.65,14,14,14,0.0,70,\N,\N,50,9,1:09.380,224.053,11,0,2022,11,70,0.032,0.10869565217391305,0.02,0.5039644674533356,0.894736842105263,1999-05-30,zhou,0.16666666666666663,14.0,0.47368421052631576,857
25817,1095,855,51,24,0.65,12,12,12,0.0,71,+29.325,5943369,64,17,1:15.802,204.643,1,0,2022,21,18,0.008,0.010869565217391306,0.045000000000000005,0.636292237984361,0.8421052631578947,1999-05-30,zhou,0.16666666666666663,13.0,0.47368421052631576,857
25924,1101,855,51,24,0.75,\N,R,19,0.0,36,\N,\N,31,19,1:47.553,200.931,25,0,2023,4,73,0.016,0.04347826086956522,0.0575,0.30161270417978014,0.7894736842105263,1999-05-30,zhou,0.20833333333333337,12.0,0.894736842105263,857
26017,1107,855,51,24,0.8500000000000001,12,12,12,0.0,70,\N,\N,46,14,1:09.786,222.749,11,0,2023,9,70,0.016,0.016304347826086956,0.06999999999999999,0.23983083102460692,0.8421052631578947,1999-05-30,zhou,0.20833333333333337,19.0,0.6842105263157894,857
26078,1110,855,51,24,0.8500000000000001,13,13,13,0.0,44,+1:35.441,5045891,27,5,1:50.188,228.830,1,0,2023,12,13,0.016,0.016304347826086956,0.0775,0.47613989450587635,0.8421052631578947,1999-05-30,zhou,0.20833333333333337,15.0,0.6842105263157894,857
26174,1115,855,51,24,0.9500000000000001,9,9,9,2.0,57,+1:16.127,5335295,54,9,1:26.323,225.993,1,2,2023,17,78,0.0,0.005434782608695653,0.09,0.6346184119012034,1.0,1999-05-30,zhou,0.20833333333333337,15.0,0.47368421052631576,857
26198,1116,855,51,24,0.6000000000000001,13,13,13,0.0,55,\N,\N,51,17,1:41.879,194.807,11,0,2023,18,69,0.016,0.03804347826086957,0.0925,0.2248224042112093,0.5789473684210527,1999-05-30,zhou,0.20833333333333337,17.0,0.5789473684210527,857
26242,1118,855,51,24,1.0,\N,R,17,0.0,22,\N,\N,17,17,1:16.232,203.489,5,0,2023,20,18,0.016,0.03260869565217391,0.0975,0.29570921716525056,1.0,1999-05-30,zhou,0.20833333333333337,17.0,0.5789473684210527,857
26378,1125,855,15,24,0.8,14,14,14,0.0,56,+1:11.689,6124243,42,3,1:38.633,198.955,1,0,2024,5,17,0.0,0.03260869565217391,0.11499999999999999,0.17915857694827214,0.7894736842105263,1999-05-30,zhou,0.2499999999999999,9.0,0.47368421052631576,857
26398,1126,855,15,24,0.9500000000000001,14,14,14,0.0,57,+49.979,5499855,56,15,1:31.991,211.794,1,0,2024,6,79,0.0,0.0,0.1175,0.28794288969205556,1.0,1999-05-30,zhou,0.2499999999999999,11.0,0.894736842105263,857
26501,1131,855,15,24,1.0,17,17,17,0.0,70,\N,\N,54,20,1:10.470,220.587,11,0,2024,11,70,0.0,0.0,0.13,0.2720141350845611,1.0,1999-05-30,zhou,0.2499999999999999,20.0,0.631578947368421,857
26663,1139,855,15,24,0.9,19,19,19,0.0,55,\N,\N,53,18,1:39.272,199.923,11,0,2024,19,69,0.0,0.0,0.15,0.2826020991566037,1.0,1999-05-30,zhou,0.2499999999999999,19.0,0.6052631578947367,857
26699,1141,855,15,24,0.9500000000000001,15,15,15,0.0,69,+1:19.649,7694079,65,15,1:23.058,186.765,1,0,2024,21,18,0.0,0.0,0.155,0.9401390787624423,1.0,1999-05-30,zhou,0.2499999999999999,17.0,0.7105263157894737,857
26732,1143,855,15,24,0.6000000000000001,8,8,8,4.0,57,+25.360,5490683,57,10,1:23.889,232.550,1,4,2024,23,78,0.0,0.0,0.16,0.23604109462021214,0.5789473684210527,1999-05-30,zhou,0.2499999999999999,19.0,0.42105263157894735,857
25925,1101,856,213,21,0.9,\N,R,20,0.0,9,\N,\N,4,20,1:48.781,198.663,3,0,2023,4,73,0.02,0.005434782608695653,0.005,0.43307201523364014,1.0,1995-02-06,de_vries,0.3749999999999999,14.0,0.47368421052631576,202
26022,1107,856,213,21,0.0,17,17,17,0.0,70,\N,\N,46,16,1:09.852,222.539,11,0,2023,9,70,0.0,0.005434782608695653,0.017499999999999998,0.29312657125229735,1.0,1995-02-06,de_vries,0.3749999999999999,17.0,0.47368421052631576,202
25916,1101,857,1,81,0.5,11,11,11,0.0,51,+1:26.501,5648937,51,10,1:45.631,204.587,1,0,2023,4,73,0.05333333333333333,0.11956521739130437,0.0024999999999999996,0.26053362502346633,0.47368421052631576,2001-04-06,piastri,0.125,10.0,0.47368421052631576,619
26021,1107,857,1,81,0.65,16,16,16,0.0,70,\N,\N,46,17,1:09.862,222.507,11,0,2023,9,70,0.008,0.027173913043478264,0.015,0.19370951736602868,0.631578947368421,2001-04-06,piastri,0.125,11.0,0.47368421052631576,619
26085,1110,857,1,81,0.25,\N,R,20,0.0,0,\N,\N,\N,0,\N,\N,130,0,2023,12,13,0.17600000000000002,0.3804347826086957,0.0225,0.10756398880622482,0.2631578947368421,2001-04-06,piastri,0.125,2.0,0.47368421052631576,619
26167,1115,857,1,81,0.30000000000000004,2,2,2,18.0,57,+4.833,5264001,48,3,1:24.921,229.724,1,18,2023,17,78,0.184,0.40760869565217395,0.035,0.06777986337419038,0.2631578947368421,2001-04-06,piastri,0.125,1.0,0.47368421052631576,619
26202,1116,857,1,81,0.5,\N,R,17,0.0,10,\N,\N,5,19,1:42.705,193.240,21,0,2023,18,69,0.32799999999999996,0.5543478260869565,0.037500000000000006,0.22762975993497056,0.47368421052631576,2001-04-06,piastri,0.125,10.0,0.47368421052631576,619
26239,1118,857,1,81,0.5,14,14,14,0.0,69,\N,\N,66,8,1:14.310,208.752,12,0,2023,20,18,0.344,0.6630434782608696,0.0425,0.05661171109366829,0.47368421052631576,2001-04-06,piastri,0.125,10.0,0.47368421052631576,619
26372,1125,857,1,81,0.25,8,8,8,4.0,56,+56.198,6108752,1,9,1:39.739,196.749,1,4,2024,5,17,0.32,0.47282608695652173,0.060000000000000005,0.06386780200515076,0.21052631578947367,2001-04-06,piastri,0.16666666666666663,7.0,0.47368421052631576,619
26397,1126,857,1,81,0.30000000000000004,13,13,13,0.0,57,+49.756,5499632,43,1,1:30.634,214.965,1,0,2024,6,79,0.28800000000000003,0.4945652173913044,0.0625,0.08701710234746701,0.2631578947368421,2001-04-06,piastri,0.16666666666666663,6.0,0.9473684210526316,619
26486,1131,857,1,81,0.35000000000000003,2,2,2,18.0,71,+1.906,5064704,56,4,1:08.697,226.280,1,18,2024,11,70,0.368,0.7445652173913044,0.075,0.01636175248628939,0.3157894736842105,2001-04-06,piastri,0.16666666666666663,2.0,0.7894736842105263,619
26649,1139,857,1,81,0.25,5,5,5,10.0,56,+21.921,5731560,42,7,1:37.883,202.760,1,10,2024,19,69,0.7040000000000001,0.9510869565217392,0.095,0.19557404154830954,0.21052631578947367,2001-04-06,piastri,0.16666666666666663,10.0,0.8421052631578947,619
26692,1141,857,1,81,0.4,8,8,8,4.0,69,+44.943,7659373,69,3,1:21.532,190.261,1,4,2024,21,18,0.5760000000000001,0.8369565217391305,0.09999999999999999,0.4000805702726031,0.3684210526315789,2001-04-06,piastri,0.16666666666666663,2.0,0.6842105263157894,619
26727,1143,857,1,81,0.2,3,3,3,15.0,57,+6.819,5472142,51,3,1:23.218,234.425,1,15,2024,23,78,0.312,0.5978260869565218,0.105,0.15882115415281095,0.15789473684210525,2001-04-06,piastri,0.16666666666666663,1.0,0.05263157894736842,619
25921,1101,858,3,2,0.7000000000000001,16,16,16,0.0,51,+1:40.943,5663379,49,17,1:46.501,202.916,1,0,2023,4,73,0.0,0.005434782608695653,0.0024999999999999996,0.21374301614488425,0.736842105263158,2000-12-31,sargeant,0.16666666666666663,20.0,0.47368421052631576,707
26018,1107,858,3,2,0.9,13,13,13,0.0,70,\N,\N,45,12,1:09.611,223.309,11,0,2023,9,70,0.0,0.03260869565217391,0.015,0.28424394788101565,0.894736842105263,2000-12-31,sargeant,0.16666666666666663,18.0,0.47368421052631576,707
26082,1110,858,3,2,0.9,17,17,17,0.0,44,+1:44.476,5054926,37,9,1:50.486,228.213,1,0,2023,12,13,0.0,0.05434782608695653,0.0225,0.6083382933359044,0.894736842105263,2000-12-31,sargeant,0.16666666666666663,16.0,0.47368421052631576,707
26183,1115,858,3,2,0.75,\N,R,18,0.0,40,\N,\N,31,18,1:27.983,221.729,139,0,2023,17,78,0.0,0.05434782608695653,0.035,0.3148230719658341,0.7894736842105263,2000-12-31,sargeant,0.16666666666666663,19.0,0.47368421052631576,707
26195,1116,858,3,2,0.8,10,10,10,1.0,56,+1:27.998,5809360,34,14,1:41.238,196.041,1,1,2023,18,69,0.0,0.05434782608695653,0.037500000000000006,0.4061307947041201,1.0,2000-12-31,sargeant,0.16666666666666663,19.0,0.47368421052631576,707
26236,1118,858,3,2,0.9500000000000001,11,11,11,0.0,70,\N,\N,51,16,1:15.738,204.816,11,0,2023,20,18,0.008,0.027173913043478264,0.0425,0.21980524698379586,0.9473684210526316,2000-12-31,sargeant,0.16666666666666663,20.0,0.47368421052631576,707
26381,1125,858,3,2,1.0,17,17,17,0.0,56,+1:35.110,6147664,14,17,1:41.000,194.293,1,0,2024,5,17,0.0,0.0,0.0575,0.3794498825011898,1.0,2000-12-31,sargeant,0.20833333333333337,18.0,0.47368421052631576,707
26404,1126,858,3,2,0.8500000000000001,\N,R,20,0.0,27,\N,\N,15,20,1:33.452,208.483,4,0,2024,6,79,0.0,0.0,0.060000000000000005,0.2024479524002294,0.8421052631578947,2000-12-31,sargeant,0.20833333333333337,10.0,1.0,707
26503,1131,858,3,2,0.9500000000000001,19,19,19,0.0,69,\N,\N,60,17,1:10.406,220.788,12,0,2024,11,70,0.0,0.010869565217391306,0.0725,0.20213581717436685,0.9473684210526316,2000-12-31,sargeant,0.20833333333333337,16.0,0.631578947368421,707
26182,1115,859,213,40,0.8500000000000001,17,17,17,0.0,56,\N,\N,54,16,1:27.113,223.943,11,0,2023,17,78,0.02,0.016304347826086956,0.005,0.426044855494911,0.894736842105263,2002-02-11,lawson,0.08333333333333337,20.0,0.47368421052631576,462
26653,1139,859,215,30,0.9500000000000001,9,9,9,2.0,56,+1:10.563,5780202,54,8,1:38.091,202.330,1,2,2024,19,69,0.016,0.005434782608695653,0.007500000000000001,0.07005280461326979,0.736842105263158,2002-02-11,lawson,0.125,16.0,0.47368421052631576,462
26693,1141,859,215,30,0.25,9,9,9,2.0,69,+50.452,7664882,67,10,1:22.123,188.892,1,2,2024,21,18,0.032,0.010869565217391306,0.0125,0.5619222079959425,0.21052631578947367,2002-02-11,lawson,0.125,9.0,0.47368421052631576,462
26738,1143,859,215,30,0.8500000000000001,14,14,14,0.0,57,+1:02.656,5527979,46,16,1:26.076,226.641,1,0,2024,23,78,0.032,0.06521739130434782,0.017499999999999998,0.32038060406687724,0.8421052631578947,2002-02-11,lawson,0.125,16.0,0.8421052631578947,462
26696,1141,860,210,50,0.75,12,12,12,0.0,69,+57.085,7671515,64,13,1:22.494,188.042,1,0,2024,21,18,0.14,0.08695652173913045,0.0,0.68028775359795,0.8421052631578947,2005-05-08,bearman,0.0,14.0,0.47368421052631576,61
26654,1139,861,3,43,0.75,10,10,10,1.0,56,+1:11.979,5781618,46,2,1:37.611,203.325,1,1,2024,19,69,0.05333333333333333,0.06521739130434782,0.0024999999999999996,0.24291347947809594,0.8421052631578947,2003-05-27,colapinto,0.08333333333333337,12.0,0.47368421052631576,170
26701,1141,861,3,43,0.8,\N,R,17,0.0,30,\N,\N,21,18,1:24.296,184.022,3,0,2024,21,18,0.04,0.07065217391304349,0.007500000000000001,0.6905913361238148,0.894736842105263,2003-05-27,colapinto,0.08333333333333337,12.0,0.47368421052631576,170
26743,1143,861,3,43,0.9500000000000001,\N,R,19,0.0,0,\N,\N,\N,0,\N,\N,4,0,2024,23,78,0.008,0.005434782608695653,0.0125,0.3704914164978504,0.9473684210526316,2003-05-27,colapinto,0.08333333333333337,18.0,0.47368421052631576,170
